,Kejadian,KELURAHAN,RAIN_D-1,RAINFALL_D-1,RAIN_LAST3D,ARAINFALL_LAST3D,RAIN_LAST7D,RAINFALL_LAST7D,TEPS_OF_DAY,CIPINANG HULU,SUNTER HULU,PULO GADUNG
102,1,halim perdana kusuma,1,39.8,1,26.3,1,101.8,2,115,200,735
179,1,penggilingan,1,9.5,1,24.5,1,93.5,1,105,90,330
92,1,duren sawit,1,66.0,1,74.0,0,85.0,3,170,300,580
14,1,batu ampar,1,2.5,1,128.0,0,209.0,1,125,130,690
106,1,jatinegara,1,50.0,1,26.0,0,53.0,0,165,230,660
71,1,cipinang melayu,1,49.9,1,126.0,0,126.0,3,135,190,331
188,1,pisangan timur,1,31.0,0,72.0,0,157.0,2,125,150,750
20,1,bidara cina,1,41.0,1,87.0,0,154.0,2,160,175,620
102,1,halim perdana kusuma,1,39.8,1,26.3,1,101.8,2,115,200,735
121,1,kampung melayu,1,66.0,1,74.0,0,85.0,3,170,300,580
210,1,rawa bunga,0,0.0,0,0.0,0,22.0,0,85,100,330
214,1,rawa terate,1,2.5,1,128.0,0,209.0,1,125,130,690
74,1,cipinang melayu,1,41.0,1,87.0,0,154.0,2,160,175,620
202,1,pulo gadung,1,9.5,1,24.5,1,93.5,1,105,90,330
87,1,ciracas,1,66.0,1,74.0,0,85.0,3,170,300,580
116,1,kampung melayu,1,45.0,0,81.0,0,81.0,2,155,250,500
99,1,gedong,1,66.0,1,74.0,0,85.0,3,170,300,580
103,1,jati,1,9.5,1,24.5,1,93.5,1,105,90,330
151,1,kebon pala,1,14.0,0,14.0,0,67.0,1,100,60,380
130,1,kampung melayu,0,0.0,1,83.0,0,96.0,0,90,75,400
149,1,kebon manggis,1,9.5,1,24.5,1,93.5,1,105,90,330
52,1,cililitan,1,66.0,1,74.0,0,85.0,3,170,300,580
1,1,balekambang,0,0.0,0,0.0,0,83.0,0,90,140,330
87,1,ciracas,1,66.0,1,74.0,0,85.0,3,170,300,580
157,1,klender,1,2.5,1,128.0,0,209.0,1,125,130,690
37,1,cawang,1,66.0,1,74.0,0,85.0,3,170,300,580
129,1,kampung melayu,1,31.0,0,72.0,0,157.0,2,125,150,750
191,1,pondok bambu,1,2.5,1,128.0,0,209.0,1,125,130,690
187,1,pisangan timur,1,2.5,1,128.0,0,209.0,1,125,130,690
20,1,bidara cina,1,41.0,1,87.0,0,154.0,2,160,175,620
160,1,kramatjati,1,66.0,1,74.0,0,85.0,3,170,300,580
203,1,pulo gadung,1,39.8,1,26.3,1,101.8,2,115,200,735
57,1,cililitan,0,0.0,0,0.0,0,20.0,0,80,60,330
21,1,bidara cina,1,5.0,0,6.5,0,10.5,1,105,110,420
88,1,ciracas,1,8.5,1,38.5,0,61.0,1,135,139,420
48,1,cililitan,0,0.0,0,0.0,0,0.0,0,80,90,330
218,1,rawamangun,1,31.0,0,72.0,0,157.0,2,125,150,750
58,1,cililitan,1,2.5,1,128.0,0,209.0,1,125,130,690
169,1,makasar,1,8.5,1,38.5,0,61.0,1,135,139,420
219,1,susukan,1,2.0,0,0.0,0,136.5,1,100,100,330
187,1,pisangan timur,1,2.5,1,128.0,0,209.0,1,125,130,690
207,1,rambutan,0,0.0,0,35.0,0,35.0,0,110,90,330
14,1,batu ampar,1,2.5,1,128.0,0,209.0,1,125,130,690
189,1,pondok bambu,1,66.0,1,74.0,0,85.0,3,170,300,580
189,1,pondok bambu,1,66.0,1,74.0,0,85.0,3,170,300,580
174,1,malaka sari,0,0.0,0,46.0,0,57.0,0,90,85,330
189,1,pondok bambu,1,66.0,1,74.0,0,85.0,3,170,300,580
50,1,cililitan,1,45.0,0,81.0,0,81.0,2,155,250,500
107,1,jatinegara,1,50.0,1,26.0,0,53.0,0,165,230,660
54,1,cililitan,1,41.0,1,87.0,0,154.0,2,160,175,620
63,1,cipayung,1,66.0,1,74.0,0,85.0,3,170,300,580
130,1,kampung melayu,0,0.0,1,83.0,0,96.0,0,90,75,400
50,1,cililitan,1,45.0,0,81.0,0,81.0,2,155,250,500
134,1,kampung melayu,1,9.5,1,24.5,1,93.5,1,105,90,330
20,1,bidara cina,1,41.0,1,87.0,0,154.0,2,160,175,620
72,1,cipinang melayu,1,66.0,1,74.0,0,85.0,3,170,300,580
166,1,lubang buaya,1,8.5,1,38.5,0,61.0,1,135,139,420
17,1,bidara cina,0,0.0,0,2.0,0,2.0,0,75,90,330
131,1,kampung melayu,0,0.0,1,83.0,0,96.0,0,90,75,400
88,1,ciracas,1,8.5,1,38.5,0,61.0,1,135,139,420
59,1,cililitan,1,31.0,0,72.0,0,157.0,2,125,150,750
13,1,batu ampar,1,8.5,1,38.5,0,61.0,1,135,139,420
8,1,balekambang,0,0.0,1,83.0,0,96.0,0,90,75,400
89,1,dukuh,0,0.0,0,0.0,0,83.0,0,90,140,330
52,1,cililitan,1,66.0,1,74.0,0,85.0,3,170,300,580
129,1,kampung melayu,1,31.0,0,72.0,0,157.0,2,125,150,750
83,1,cipinang muara,0,0.0,0,0.0,0,22.0,0,85,100,330
91,1,dukuh,1,39.8,1,26.3,1,101.8,2,115,200,735
110,1,jatinegara,1,2.5,1,128.0,0,209.0,1,125,130,690
187,1,pisangan timur,1,2.5,1,128.0,0,209.0,1,125,130,690
198,1,pulo gadung,1,2.5,1,128.0,0,209.0,1,125,130,690
171,1,makasar,1,31.0,0,72.0,0,157.0,2,125,150,750
7,1,balekambang,1,8.5,1,38.5,0,61.0,1,135,139,420
174,1,malaka sari,0,0.0,0,46.0,0,57.0,0,90,85,330
34,1,cawang,0,0.0,0,2.0,0,2.0,0,75,90,330
205,1,rambutan,1,49.9,1,126.0,0,126.0,3,135,190,331
80,1,cipinang melayu,1,39.8,1,26.3,1,101.8,2,115,200,735
163,1,kramatjati,1,41.0,1,87.0,0,154.0,2,160,175,620
49,1,cililitan,0,0.0,0,2.0,0,2.0,0,75,90,330
103,1,jati,1,9.5,1,24.5,1,93.5,1,105,90,330
131,1,kampung melayu,0,0.0,1,83.0,0,96.0,0,90,75,400
1,1,balekambang,0,0.0,0,0.0,0,83.0,0,90,140,330
133,1,kampung melayu,1,9.5,1,24.5,1,93.5,1,105,90,330
53,1,cililitan,1,66.0,1,74.0,0,85.0,3,170,300,580
105,1,jatinegara,1,66.0,1,74.0,0,85.0,3,170,300,580
3,1,balekambang,1,66.0,1,74.0,0,85.0,3,170,300,580
53,1,cililitan,1,66.0,1,74.0,0,85.0,3,170,300,580
220,1,susukan,0,0.0,0,9.0,0,137.0,0,90,80,330
190,1,pondok bambu,1,2.0,0,0.0,0,136.5,1,100,100,330
145,1,kayu putih,1,9.5,1,24.5,1,93.5,1,105,90,330
217,1,rawamangun,1,2.5,1,128.0,0,209.0,1,125,130,690
43,1,cawang,1,31.0,0,72.0,0,157.0,2,125,150,750
161,1,kramatjati,1,50.0,1,26.0,0,53.0,0,165,230,660
201,1,pulo gadung,1,2.0,0,11.0,0,91.0,1,120,80,330
189,1,pondok bambu,1,66.0,1,74.0,0,85.0,3,170,300,580
13,1,batu ampar,1,8.5,1,38.5,0,61.0,1,135,139,420
94,1,duren sawit,1,50.0,1,26.0,0,53.0,0,165,230,660
47,1,cililitan,0,0.0,0,0.0,0,83.0,0,90,140,330
14,1,batu ampar,1,2.5,1,128.0,0,209.0,1,125,130,690
199,1,pulo gadung,1,31.0,0,72.0,0,157.0,2,125,150,750
205,1,rambutan,1,49.9,1,126.0,0,126.0,3,135,190,331
214,1,rawa terate,1,2.5,1,128.0,0,209.0,1,125,130,690
189,1,pondok bambu,1,66.0,1,74.0,0,85.0,3,170,300,580
39,1,cawang,1,5.0,0,6.5,0,10.5,1,105,110,420
212,1,rawa bunga,1,31.0,0,72.0,0,157.0,2,125,150,750
207,1,rambutan,0,0.0,0,35.0,0,35.0,0,110,90,330
81,1,cipinang muara,1,6.0,0,8.0,0,37.0,1,75,90,330
110,1,jatinegara,1,2.5,1,128.0,0,209.0,1,125,130,690
52,1,cililitan,1,66.0,1,74.0,0,85.0,3,170,300,580
23,1,bidara cina,1,21.0,0,15.0,0,15.0,2,100,80,330
153,1,kebon pala,1,31.0,0,72.0,0,157.0,2,125,150,750
216,1,rawa terate,1,9.5,1,24.5,1,93.5,1,105,90,330
187,1,pisangan timur,1,2.5,1,128.0,0,209.0,1,125,130,690
123,1,kampung melayu,1,5.0,0,6.5,0,10.5,1,105,110,420
40,1,cawang,0,0.0,0,9.0,0,137.0,0,90,80,330
156,1,kebon pala,1,9.5,1,24.5,1,93.5,1,105,90,330
14,1,batu ampar,1,2.5,1,128.0,0,209.0,1,125,130,690
44,1,cawang,0,0.0,1,83.0,0,96.0,0,90,75,400
64,1,cipayung,1,50.0,1,26.0,0,53.0,0,165,230,660
88,1,ciracas,1,8.5,1,38.5,0,61.0,1,135,139,420
70,1,cipinang melayu,1,6.0,0,8.0,0,37.0,1,75,90,330
8,1,balekambang,0,0.0,1,83.0,0,96.0,0,90,75,400
87,1,ciracas,1,66.0,1,74.0,0,85.0,3,170,300,580
128,1,kampung melayu,1,2.5,1,128.0,0,209.0,1,125,130,690
135,1,kampung melayu,1,39.8,1,26.3,1,101.8,2,115,200,735
215,1,rawa terate,1,31.0,0,72.0,0,157.0,2,125,150,750
62,1,cipayung,0,0.0,0,5.0,0,25.0,0,90,105,330
138,1,kampung tengah,0,0.0,0,35.0,0,35.0,0,110,90,330
80,1,cipinang melayu,1,39.8,1,26.3,1,101.8,2,115,200,735
135,1,kampung melayu,1,39.8,1,26.3,1,101.8,2,115,200,735
162,1,kramatjati,1,47.0,1,103.0,0,182.0,2,175,260,500
162,1,kramatjati,1,47.0,1,103.0,0,182.0,2,175,260,500
32,1,cawang,0,0.0,0,0.0,0,0.0,0,160,250,450
122,1,kampung melayu,1,41.0,1,87.0,0,154.0,2,160,175,620
4,1,balekambang,1,41.0,1,87.0,0,154.0,2,160,175,620
40,1,cawang,0,0.0,0,9.0,0,137.0,0,90,80,330
27,1,bidara cina,0,0.0,1,83.0,0,96.0,0,90,75,400
134,1,kampung melayu,1,9.5,1,24.5,1,93.5,1,105,90,330
200,1,pulo gadung,1,2.0,0,11.0,0,91.0,1,120,80,330
71,1,cipinang melayu,1,49.9,1,126.0,0,126.0,3,135,190,331
11,1,batu ampar,1,66.0,1,74.0,0,85.0,3,170,300,580
161,1,kramatjati,1,50.0,1,26.0,0,53.0,0,165,230,660
32,1,cawang,0,0.0,0,0.0,0,0.0,0,160,250,450
47,1,cililitan,0,0.0,0,0.0,0,83.0,0,90,140,330
150,1,kebon pala,1,66.0,1,74.0,0,85.0,3,170,300,580
61,1,cililitan,1,9.5,1,24.5,1,93.5,1,105,90,330
215,1,rawa terate,1,31.0,0,72.0,0,157.0,2,125,150,750
36,1,cawang,0,0.0,0,79.0,0,232.0,0,120,205,340
98,1,duren sawit,1,2.0,0,11.0,0,91.0,1,120,80,330
171,1,makasar,1,31.0,0,72.0,0,157.0,2,125,150,750
103,1,jati,1,9.5,1,24.5,1,93.5,1,105,90,330
213,1,rawa bunga,1,9.5,1,24.5,1,93.5,1,105,90,330
218,1,rawamangun,1,31.0,0,72.0,0,157.0,2,125,150,750
34,1,cawang,0,0.0,0,2.0,0,2.0,0,75,90,330
192,1,pondok bambu,1,31.0,0,72.0,0,157.0,2,125,150,750
100,1,gedong,1,5.0,0,6.5,0,10.5,1,105,110,420
174,1,malaka sari,0,0.0,0,46.0,0,57.0,0,90,85,330
205,1,rambutan,1,49.9,1,126.0,0,126.0,3,135,190,331
130,1,kampung melayu,0,0.0,1,83.0,0,96.0,0,90,75,400
0,1,balekambang,0,0.0,0,0.0,0,0.0,0,160,250,450
4,1,balekambang,1,41.0,1,87.0,0,154.0,2,160,175,620
217,1,rawamangun,1,2.5,1,128.0,0,209.0,1,125,130,690
141,1,kayu manis,1,50.0,1,26.0,0,53.0,0,165,230,660
102,1,halim perdana kusuma,1,39.8,1,26.3,1,101.8,2,115,200,735
26,1,bidara cina,1,31.0,0,72.0,0,157.0,2,125,150,750
136,1,kampung tengah,0,0.0,0,0.0,0,83.0,0,90,140,330
206,1,rambutan,1,6.5,0,4.0,0,4.0,1,75,215,360
14,1,batu ampar,1,2.5,1,128.0,0,209.0,1,125,130,690
89,1,dukuh,0,0.0,0,0.0,0,83.0,0,90,140,330
41,1,cawang,0,0.0,0,0.0,0,20.0,0,80,60,330
123,1,kampung melayu,1,5.0,0,6.5,0,10.5,1,105,110,420
204,1,rambutan,0,0.0,0,0.0,0,83.0,0,90,140,330
178,1,penggilingan,1,2.0,0,11.0,0,91.0,1,120,80,330
62,1,cipayung,0,0.0,0,5.0,0,25.0,0,90,105,330
95,1,duren sawit,1,2.0,0,0.0,0,136.5,1,100,100,330
51,1,cililitan,0,0.0,0,79.0,0,232.0,0,120,205,340
95,1,duren sawit,1,2.0,0,0.0,0,136.5,1,100,100,330
131,1,kampung melayu,0,0.0,1,83.0,0,96.0,0,90,75,400
221,1,susukan,1,39.8,1,26.3,1,101.8,2,115,200,735
150,1,kebon pala,1,66.0,1,74.0,0,85.0,3,170,300,580
142,1,kayu manis,1,47.0,1,103.0,0,182.0,2,175,260,500
170,1,makasar,1,2.5,1,128.0,0,209.0,1,125,130,690
28,1,bidara cina,1,2.0,0,11.0,0,91.0,1,120,80,330
35,1,cawang,1,19.3,1,14.8,1,147.0,1,110,120,331
12,1,batu ampar,0,0.0,0,35.0,0,35.0,0,110,90,330
159,1,klender,1,2.0,0,11.0,0,91.0,1,120,80,330
70,1,cipinang melayu,1,6.0,0,8.0,0,37.0,1,75,90,330
186,1,pisangan baru,1,31.0,0,72.0,0,157.0,2,125,150,750
85,1,cipinang muara,1,41.0,1,87.0,0,154.0,2,160,175,620
27,1,bidara cina,0,0.0,1,83.0,0,96.0,0,90,75,400
65,1,cipayung,1,2.0,0,11.0,0,91.0,1,120,80,330
169,1,makasar,1,8.5,1,38.5,0,61.0,1,135,139,420
44,1,cawang,0,0.0,1,83.0,0,96.0,0,90,75,400
61,1,cililitan,1,9.5,1,24.5,1,93.5,1,105,90,330
184,1,pisangan baru,1,66.0,1,74.0,0,85.0,3,170,300,580
133,1,kampung melayu,1,9.5,1,24.5,1,93.5,1,105,90,330
27,1,bidara cina,0,0.0,1,83.0,0,96.0,0,90,75,400
27,1,bidara cina,0,0.0,1,83.0,0,96.0,0,90,75,400
107,1,jatinegara,1,50.0,1,26.0,0,53.0,0,165,230,660
43,1,cawang,1,31.0,0,72.0,0,157.0,2,125,150,750
83,1,cipinang muara,0,0.0,0,0.0,0,22.0,0,85,100,330
29,1,bidara cina,1,9.5,1,24.5,1,93.5,1,105,90,330
189,1,pondok bambu,1,66.0,1,74.0,0,85.0,3,170,300,580
74,1,cipinang melayu,1,41.0,1,87.0,0,154.0,2,160,175,620
127,1,kampung melayu,1,19.0,1,9.5,0,12.0,1,100,80,420
91,1,dukuh,1,39.8,1,26.3,1,101.8,2,115,200,735
216,1,rawa terate,1,9.5,1,24.5,1,93.5,1,105,90,330
189,1,pondok bambu,1,66.0,1,74.0,0,85.0,3,170,300,580
224,1,utan kayu utara,1,31.0,0,72.0,0,157.0,2,125,150,750
128,1,kampung melayu,1,2.5,1,128.0,0,209.0,1,125,130,690
120,1,kampung melayu,0,0.0,0,0.0,0,22.0,0,85,100,330
26,1,bidara cina,1,31.0,0,72.0,0,157.0,2,125,150,750
189,1,pondok bambu,1,66.0,1,74.0,0,85.0,3,170,300,580
120,1,kampung melayu,0,0.0,0,0.0,0,22.0,0,85,100,330
115,1,kampung melayu,0,0.0,0,2.0,0,2.0,0,75,90,330
204,1,rambutan,0,0.0,0,0.0,0,83.0,0,90,140,330
2,1,balekambang,0,0.0,0,2.0,0,2.0,0,75,90,330
102,1,halim perdana kusuma,1,39.8,1,26.3,1,101.8,2,115,200,735
197,1,pondok kelapa,1,39.8,1,26.3,1,101.8,2,115,200,735
199,1,pulo gadung,1,31.0,0,72.0,0,157.0,2,125,150,750
154,1,kebon pala,0,0.0,1,83.0,0,96.0,0,90,75,400
136,1,kampung tengah,0,0.0,0,0.0,0,83.0,0,90,140,330
61,1,cililitan,1,9.5,1,24.5,1,93.5,1,105,90,330
164,1,lubang buaya,1,49.9,1,126.0,0,126.0,3,135,190,331
224,1,utan kayu utara,1,31.0,0,72.0,0,157.0,2,125,150,750
50,1,cililitan,1,45.0,0,81.0,0,81.0,2,155,250,500
171,1,makasar,1,31.0,0,72.0,0,157.0,2,125,150,750
151,1,kebon pala,1,14.0,0,14.0,0,67.0,1,100,60,380
206,1,rambutan,1,6.5,0,4.0,0,4.0,1,75,215,360
58,1,cililitan,1,2.5,1,128.0,0,209.0,1,125,130,690
117,1,kampung melayu,1,19.3,1,14.8,1,147.0,1,110,120,331
159,1,klender,1,2.0,0,11.0,0,91.0,1,120,80,330
95,1,duren sawit,1,2.0,0,0.0,0,136.5,1,100,100,330
215,1,rawa terate,1,31.0,0,72.0,0,157.0,2,125,150,750
179,1,penggilingan,1,9.5,1,24.5,1,93.5,1,105,90,330
112,1,jatinegara,1,2.0,0,11.0,0,91.0,1,120,80,330
61,1,cililitan,1,9.5,1,24.5,1,93.5,1,105,90,330
185,1,pisangan baru,1,2.5,1,128.0,0,209.0,1,125,130,690
51,1,cililitan,0,0.0,0,79.0,0,232.0,0,120,205,340
11,1,batu ampar,1,66.0,1,74.0,0,85.0,3,170,300,580
38,1,cawang,1,41.0,1,87.0,0,154.0,2,160,175,620
129,1,kampung melayu,1,31.0,0,72.0,0,157.0,2,125,150,750
130,1,kampung melayu,0,0.0,1,83.0,0,96.0,0,90,75,400
112,1,jatinegara,1,2.0,0,11.0,0,91.0,1,120,80,330
100,1,gedong,1,5.0,0,6.5,0,10.5,1,105,110,420
112,1,jatinegara,1,2.0,0,11.0,0,91.0,1,120,80,330
183,1,pinangranti,1,39.8,1,26.3,1,101.8,2,115,200,735
80,1,cipinang melayu,1,39.8,1,26.3,1,101.8,2,115,200,735
186,1,pisangan baru,1,31.0,0,72.0,0,157.0,2,125,150,750
112,1,jatinegara,1,2.0,0,11.0,0,91.0,1,120,80,330
1,1,balekambang,0,0.0,0,0.0,0,83.0,0,90,140,330
129,1,kampung melayu,1,31.0,0,72.0,0,157.0,2,125,150,750
219,1,susukan,1,2.0,0,0.0,0,136.5,1,100,100,330
53,1,cililitan,1,66.0,1,74.0,0,85.0,3,170,300,580
86,1,ciracas,0,0.0,0,5.0,0,25.0,0,90,105,330
223,1,utan kayu utara,1,2.5,1,128.0,0,209.0,1,125,130,690
224,1,utan kayu utara,1,31.0,0,72.0,0,157.0,2,125,150,750
128,1,kampung melayu,1,2.5,1,128.0,0,209.0,1,125,130,690
146,1,kebon manggis,1,66.0,1,74.0,0,85.0,3,170,300,580
125,1,kampung melayu,0,0.0,0,9.0,0,137.0,0,90,80,330
129,1,kampung melayu,1,31.0,0,72.0,0,157.0,2,125,150,750
52,1,cililitan,1,66.0,1,74.0,0,85.0,3,170,300,580
171,1,makasar,1,31.0,0,72.0,0,157.0,2,125,150,750
217,1,rawamangun,1,2.5,1,128.0,0,209.0,1,125,130,690
159,1,klender,1,2.0,0,11.0,0,91.0,1,120,80,330
197,1,pondok kelapa,1,39.8,1,26.3,1,101.8,2,115,200,735
159,1,klender,1,2.0,0,11.0,0,91.0,1,120,80,330
67,1,cipinang cempedak,0,0.0,0,0.0,0,22.0,0,85,100,330
182,1,pinangranti,1,31.0,0,72.0,0,157.0,2,125,150,750
202,1,pulo gadung,1,9.5,1,24.5,1,93.5,1,105,90,330
183,1,pinangranti,1,39.8,1,26.3,1,101.8,2,115,200,735
122,1,kampung melayu,1,41.0,1,87.0,0,154.0,2,160,175,620
144,1,kayu putih,1,31.0,0,72.0,0,157.0,2,125,150,750
37,1,cawang,1,66.0,1,74.0,0,85.0,3,170,300,580
23,1,bidara cina,1,21.0,0,15.0,0,15.0,2,100,80,330
68,1,cipinang cempedak,1,2.5,1,128.0,0,209.0,1,125,130,690
115,1,kampung melayu,0,0.0,0,2.0,0,2.0,0,75,90,330
97,1,duren sawit,1,31.0,0,72.0,0,157.0,2,125,150,750
197,1,pondok kelapa,1,39.8,1,26.3,1,101.8,2,115,200,735
213,1,rawa bunga,1,9.5,1,24.5,1,93.5,1,105,90,330
138,1,kampung tengah,0,0.0,0,35.0,0,35.0,0,110,90,330
143,1,kayu putih,1,2.5,1,128.0,0,209.0,1,125,130,690
96,1,duren sawit,1,2.5,1,128.0,0,209.0,1,125,130,690
200,1,pulo gadung,1,2.0,0,11.0,0,91.0,1,120,80,330
123,1,kampung melayu,1,5.0,0,6.5,0,10.5,1,105,110,420
186,1,pisangan baru,1,31.0,0,72.0,0,157.0,2,125,150,750
69,1,cipinang cempedak,1,31.0,0,72.0,0,157.0,2,125,150,750
207,1,rambutan,0,0.0,0,35.0,0,35.0,0,110,90,330
92,1,duren sawit,1,66.0,1,74.0,0,85.0,3,170,300,580
2,1,balekambang,0,0.0,0,2.0,0,2.0,0,75,90,330
147,1,kebon manggis,1,41.0,1,87.0,0,154.0,2,160,175,620
186,1,pisangan baru,1,31.0,0,72.0,0,157.0,2,125,150,750
163,1,kramatjati,1,41.0,1,87.0,0,154.0,2,160,175,620
146,1,kebon manggis,1,66.0,1,74.0,0,85.0,3,170,300,580
89,1,dukuh,0,0.0,0,0.0,0,83.0,0,90,140,330
194,1,pondok kelapa,0,0.0,0,46.0,0,57.0,0,90,85,330
146,1,kebon manggis,1,66.0,1,74.0,0,85.0,3,170,300,580
147,1,kebon manggis,1,41.0,1,87.0,0,154.0,2,160,175,620
95,1,duren sawit,1,2.0,0,0.0,0,136.5,1,100,100,330
198,1,pulo gadung,1,2.5,1,128.0,0,209.0,1,125,130,690
51,1,cililitan,0,0.0,0,79.0,0,232.0,0,120,205,340
160,1,kramatjati,1,66.0,1,74.0,0,85.0,3,170,300,580
167,1,lubang buaya,1,2.0,0,11.0,0,91.0,1,120,80,330
127,1,kampung melayu,1,19.0,1,9.5,0,12.0,1,100,80,420
38,1,cawang,1,41.0,1,87.0,0,154.0,2,160,175,620
81,1,cipinang muara,1,6.0,0,8.0,0,37.0,1,75,90,330
103,1,jati,1,9.5,1,24.5,1,93.5,1,105,90,330
128,1,kampung melayu,1,2.5,1,128.0,0,209.0,1,125,130,690
10,1,bambu apus,1,8.5,1,38.5,0,61.0,1,135,139,420
219,1,susukan,1,2.0,0,0.0,0,136.5,1,100,100,330
184,1,pisangan baru,1,66.0,1,74.0,0,85.0,3,170,300,580
216,1,rawa terate,1,9.5,1,24.5,1,93.5,1,105,90,330
177,1,penggilingan,1,31.0,0,72.0,0,157.0,2,125,150,750
150,1,kebon pala,1,66.0,1,74.0,0,85.0,3,170,300,580
158,1,klender,1,31.0,0,72.0,0,157.0,2,125,150,750
221,1,susukan,1,39.8,1,26.3,1,101.8,2,115,200,735
41,1,cawang,0,0.0,0,0.0,0,20.0,0,80,60,330
98,1,duren sawit,1,2.0,0,11.0,0,91.0,1,120,80,330
6,1,balekambang,0,0.0,0,0.0,0,20.0,0,80,60,330
143,1,kayu putih,1,2.5,1,128.0,0,209.0,1,125,130,690
89,1,dukuh,0,0.0,0,0.0,0,83.0,0,90,140,330
111,1,jatinegara,1,31.0,0,72.0,0,157.0,2,125,150,750
59,1,cililitan,1,31.0,0,72.0,0,157.0,2,125,150,750
112,1,jatinegara,1,2.0,0,11.0,0,91.0,1,120,80,330
1,1,balekambang,0,0.0,0,0.0,0,83.0,0,90,140,330
128,1,kampung melayu,1,2.5,1,128.0,0,209.0,1,125,130,690
47,1,cililitan,0,0.0,0,0.0,0,83.0,0,90,140,330
139,1,kampung tengah,1,39.8,1,26.3,1,101.8,2,115,200,735
196,1,pondok kelapa,1,9.5,1,24.5,1,93.5,1,105,90,330
36,1,cawang,0,0.0,0,79.0,0,232.0,0,120,205,340
159,1,klender,1,2.0,0,11.0,0,91.0,1,120,80,330
8,1,balekambang,0,0.0,1,83.0,0,96.0,0,90,75,400
98,1,duren sawit,1,2.0,0,11.0,0,91.0,1,120,80,330
146,1,kebon manggis,1,66.0,1,74.0,0,85.0,3,170,300,580
47,1,cililitan,0,0.0,0,0.0,0,83.0,0,90,140,330
207,1,rambutan,0,0.0,0,35.0,0,35.0,0,110,90,330
130,1,kampung melayu,0,0.0,1,83.0,0,96.0,0,90,75,400
147,1,kebon manggis,1,41.0,1,87.0,0,154.0,2,160,175,620
151,1,kebon pala,1,14.0,0,14.0,0,67.0,1,100,60,380
53,1,cililitan,1,66.0,1,74.0,0,85.0,3,170,300,580
119,1,kampung melayu,0,0.0,0,79.0,0,232.0,0,120,205,340
160,1,kramatjati,1,66.0,1,74.0,0,85.0,3,170,300,580
151,1,kebon pala,1,14.0,0,14.0,0,67.0,1,100,60,380
115,1,kampung melayu,0,0.0,0,2.0,0,2.0,0,75,90,330
74,1,cipinang melayu,1,41.0,1,87.0,0,154.0,2,160,175,620
112,1,jatinegara,1,2.0,0,11.0,0,91.0,1,120,80,330
199,1,pulo gadung,1,31.0,0,72.0,0,157.0,2,125,150,750
163,1,kramatjati,1,41.0,1,87.0,0,154.0,2,160,175,620
165,1,lubang buaya,1,66.0,1,74.0,0,85.0,3,170,300,580
103,1,jati,1,9.5,1,24.5,1,93.5,1,105,90,330
83,1,cipinang muara,0,0.0,0,0.0,0,22.0,0,85,100,330
111,1,jatinegara,1,31.0,0,72.0,0,157.0,2,125,150,750
216,1,rawa terate,1,9.5,1,24.5,1,93.5,1,105,90,330
98,1,duren sawit,1,2.0,0,11.0,0,91.0,1,120,80,330
152,1,kebon pala,1,2.5,1,128.0,0,209.0,1,125,130,690
92,1,duren sawit,1,66.0,1,74.0,0,85.0,3,170,300,580
145,1,kayu putih,1,9.5,1,24.5,1,93.5,1,105,90,330
127,1,kampung melayu,1,19.0,1,9.5,0,12.0,1,100,80,420
109,1,jatinegara,1,41.0,1,87.0,0,154.0,2,160,175,620
81,1,cipinang muara,1,6.0,0,8.0,0,37.0,1,75,90,330
193,1,pondok kelapa,1,66.0,1,74.0,0,85.0,3,170,300,580
53,1,cililitan,1,66.0,1,74.0,0,85.0,3,170,300,580
162,1,kramatjati,1,47.0,1,103.0,0,182.0,2,175,260,500
207,1,rambutan,0,0.0,0,35.0,0,35.0,0,110,90,330
188,1,pisangan timur,1,31.0,0,72.0,0,157.0,2,125,150,750
168,1,makasar,1,66.0,1,74.0,0,85.0,3,170,300,580
160,1,kramatjati,1,66.0,1,74.0,0,85.0,3,170,300,580
67,1,cipinang cempedak,0,0.0,0,0.0,0,22.0,0,85,100,330
32,1,cawang,0,0.0,0,0.0,0,0.0,0,160,250,450
141,1,kayu manis,1,50.0,1,26.0,0,53.0,0,165,230,660
20,1,bidara cina,1,41.0,1,87.0,0,154.0,2,160,175,620
47,1,cililitan,0,0.0,0,0.0,0,83.0,0,90,140,330
147,1,kebon manggis,1,41.0,1,87.0,0,154.0,2,160,175,620
127,1,kampung melayu,1,19.0,1,9.5,0,12.0,1,100,80,420
135,1,kampung melayu,1,39.8,1,26.3,1,101.8,2,115,200,735
134,1,kampung melayu,1,9.5,1,24.5,1,93.5,1,105,90,330
194,1,pondok kelapa,0,0.0,0,46.0,0,57.0,0,90,85,330
144,1,kayu putih,1,31.0,0,72.0,0,157.0,2,125,150,750
127,1,kampung melayu,1,19.0,1,9.5,0,12.0,1,100,80,420
32,1,cawang,0,0.0,0,0.0,0,0.0,0,160,250,450
175,1,pekayon,1,2.0,0,11.0,0,91.0,1,120,80,330
203,1,pulo gadung,1,39.8,1,26.3,1,101.8,2,115,200,735
186,1,pisangan baru,1,31.0,0,72.0,0,157.0,2,125,150,750
114,1,kampung melayu,0,0.0,0,0.0,0,0.0,0,160,250,450
213,1,rawa bunga,1,9.5,1,24.5,1,93.5,1,105,90,330
118,1,kampung melayu,1,49.9,1,126.0,0,126.0,3,135,190,331
21,1,bidara cina,1,5.0,0,6.5,0,10.5,1,105,110,420
157,1,klender,1,2.5,1,128.0,0,209.0,1,125,130,690
37,1,cawang,1,66.0,1,74.0,0,85.0,3,170,300,580
108,1,jatinegara,1,47.0,1,103.0,0,182.0,2,175,260,500
50,1,cililitan,1,45.0,0,81.0,0,81.0,2,155,250,500
181,1,pinangranti,1,2.5,1,128.0,0,209.0,1,125,130,690
7,1,balekambang,1,8.5,1,38.5,0,61.0,1,135,139,420
26,1,bidara cina,1,31.0,0,72.0,0,157.0,2,125,150,750
26,1,bidara cina,1,31.0,0,72.0,0,157.0,2,125,150,750
20,1,bidara cina,1,41.0,1,87.0,0,154.0,2,160,175,620
29,1,bidara cina,1,9.5,1,24.5,1,93.5,1,105,90,330
96,1,duren sawit,1,2.5,1,128.0,0,209.0,1,125,130,690
27,1,bidara cina,0,0.0,1,83.0,0,96.0,0,90,75,400
110,1,jatinegara,1,2.5,1,128.0,0,209.0,1,125,130,690
191,1,pondok bambu,1,2.5,1,128.0,0,209.0,1,125,130,690
224,1,utan kayu utara,1,31.0,0,72.0,0,157.0,2,125,150,750
196,1,pondok kelapa,1,9.5,1,24.5,1,93.5,1,105,90,330
60,1,cililitan,0,0.0,1,83.0,0,96.0,0,90,75,400
47,1,cililitan,0,0.0,0,0.0,0,83.0,0,90,140,330
146,1,kebon manggis,1,66.0,1,74.0,0,85.0,3,170,300,580
3,1,balekambang,1,66.0,1,74.0,0,85.0,3,170,300,580
34,1,cawang,0,0.0,0,2.0,0,2.0,0,75,90,330
191,1,pondok bambu,1,2.5,1,128.0,0,209.0,1,125,130,690
48,1,cililitan,0,0.0,0,0.0,0,0.0,0,80,90,330
16,1,bidara cina,0,0.0,0,0.0,0,0.0,0,160,250,450
171,1,makasar,1,31.0,0,72.0,0,157.0,2,125,150,750
219,1,susukan,1,2.0,0,0.0,0,136.5,1,100,100,330
157,1,klender,1,2.5,1,128.0,0,209.0,1,125,130,690
220,1,susukan,0,0.0,0,9.0,0,137.0,0,90,80,330
45,1,cawang,1,2.0,0,11.0,0,91.0,1,120,80,330
116,1,kampung melayu,1,45.0,0,81.0,0,81.0,2,155,250,500
5,1,balekambang,0,0.0,0,9.0,0,137.0,0,90,80,330
98,1,duren sawit,1,2.0,0,11.0,0,91.0,1,120,80,330
123,1,kampung melayu,1,5.0,0,6.5,0,10.5,1,105,110,420
36,1,cawang,0,0.0,0,79.0,0,232.0,0,120,205,340
23,1,bidara cina,1,21.0,0,15.0,0,15.0,2,100,80,330
92,1,duren sawit,1,66.0,1,74.0,0,85.0,3,170,300,580
45,1,cawang,1,2.0,0,11.0,0,91.0,1,120,80,330
180,1,pinangranti,1,8.5,1,38.5,0,61.0,1,135,139,420
94,1,duren sawit,1,50.0,1,26.0,0,53.0,0,165,230,660
98,1,duren sawit,1,2.0,0,11.0,0,91.0,1,120,80,330
187,1,pisangan timur,1,2.5,1,128.0,0,209.0,1,125,130,690
224,1,utan kayu utara,1,31.0,0,72.0,0,157.0,2,125,150,750
115,1,kampung melayu,0,0.0,0,2.0,0,2.0,0,75,90,330
190,1,pondok bambu,1,2.0,0,0.0,0,136.5,1,100,100,330
212,1,rawa bunga,1,31.0,0,72.0,0,157.0,2,125,150,750
159,1,klender,1,2.0,0,11.0,0,91.0,1,120,80,330
214,1,rawa terate,1,2.5,1,128.0,0,209.0,1,125,130,690
160,1,kramatjati,1,66.0,1,74.0,0,85.0,3,170,300,580
66,1,cipinang,1,9.5,1,24.5,1,93.5,1,105,90,330
127,1,kampung melayu,1,19.0,1,9.5,0,12.0,1,100,80,420
17,1,bidara cina,0,0.0,0,2.0,0,2.0,0,75,90,330
24,1,bidara cina,0,0.0,0,0.0,0,20.0,0,80,60,330
222,1,utan kayu selatan,1,66.0,1,74.0,0,85.0,3,170,300,580
53,1,cililitan,1,66.0,1,74.0,0,85.0,3,170,300,580
57,1,cililitan,0,0.0,0,0.0,0,20.0,0,80,60,330
66,1,cipinang,1,9.5,1,24.5,1,93.5,1,105,90,330
103,1,jati,1,9.5,1,24.5,1,93.5,1,105,90,330
173,1,malaka sari,1,66.0,1,74.0,0,85.0,3,170,300,580
23,1,bidara cina,1,21.0,0,15.0,0,15.0,2,100,80,330
113,1,jatinegara,1,9.5,1,24.5,1,93.5,1,105,90,330
31,1,cakung timur,1,31.0,0,72.0,0,157.0,2,125,150,750
174,1,malaka sari,0,0.0,0,46.0,0,57.0,0,90,85,330
85,1,cipinang muara,1,41.0,1,87.0,0,154.0,2,160,175,620
150,1,kebon pala,1,66.0,1,74.0,0,85.0,3,170,300,580
193,1,pondok kelapa,1,66.0,1,74.0,0,85.0,3,170,300,580
126,1,kampung melayu,0,0.0,0,0.0,0,20.0,0,80,60,330
154,1,kebon pala,0,0.0,1,83.0,0,96.0,0,90,75,400
129,1,kampung melayu,1,31.0,0,72.0,0,157.0,2,125,150,750
217,1,rawamangun,1,2.5,1,128.0,0,209.0,1,125,130,690
16,1,bidara cina,0,0.0,0,0.0,0,0.0,0,160,250,450
103,1,jati,1,9.5,1,24.5,1,93.5,1,105,90,330
160,1,kramatjati,1,66.0,1,74.0,0,85.0,3,170,300,580
136,1,kampung tengah,0,0.0,0,0.0,0,83.0,0,90,140,330
42,1,cawang,1,2.5,1,128.0,0,209.0,1,125,130,690
175,1,pekayon,1,2.0,0,11.0,0,91.0,1,120,80,330
38,1,cawang,1,41.0,1,87.0,0,154.0,2,160,175,620
220,1,susukan,0,0.0,0,9.0,0,137.0,0,90,80,330
169,1,makasar,1,8.5,1,38.5,0,61.0,1,135,139,420
25,1,bidara cina,1,2.5,1,128.0,0,209.0,1,125,130,690
98,1,duren sawit,1,2.0,0,11.0,0,91.0,1,120,80,330
49,1,cililitan,0,0.0,0,2.0,0,2.0,0,75,90,330
152,1,kebon pala,1,2.5,1,128.0,0,209.0,1,125,130,690
151,1,kebon pala,1,14.0,0,14.0,0,67.0,1,100,60,380
12,1,batu ampar,0,0.0,0,35.0,0,35.0,0,110,90,330
59,1,cililitan,1,31.0,0,72.0,0,157.0,2,125,150,750
134,1,kampung melayu,1,9.5,1,24.5,1,93.5,1,105,90,330
56,1,cililitan,0,0.0,0,9.0,0,137.0,0,90,80,330
35,1,cawang,1,19.3,1,14.8,1,147.0,1,110,120,331
172,1,makasar,1,39.8,1,26.3,1,101.8,2,115,200,735
19,1,bidara cina,0,0.0,0,0.0,0,22.0,0,85,100,330
64,1,cipayung,1,50.0,1,26.0,0,53.0,0,165,230,660
7,1,balekambang,1,8.5,1,38.5,0,61.0,1,135,139,420
143,1,kayu putih,1,2.5,1,128.0,0,209.0,1,125,130,690
141,1,kayu manis,1,50.0,1,26.0,0,53.0,0,165,230,660
203,1,pulo gadung,1,39.8,1,26.3,1,101.8,2,115,200,735
114,1,kampung melayu,0,0.0,0,0.0,0,0.0,0,160,250,450
214,1,rawa terate,1,2.5,1,128.0,0,209.0,1,125,130,690
142,1,kayu manis,1,47.0,1,103.0,0,182.0,2,175,260,500
91,1,dukuh,1,39.8,1,26.3,1,101.8,2,115,200,735
97,1,duren sawit,1,31.0,0,72.0,0,157.0,2,125,150,750
65,1,cipayung,1,2.0,0,11.0,0,91.0,1,120,80,330
31,1,cakung timur,1,31.0,0,72.0,0,157.0,2,125,150,750
214,1,rawa terate,1,2.5,1,128.0,0,209.0,1,125,130,690
190,1,pondok bambu,1,2.0,0,0.0,0,136.5,1,100,100,330
85,1,cipinang muara,1,41.0,1,87.0,0,154.0,2,160,175,620
50,1,cililitan,1,45.0,0,81.0,0,81.0,2,155,250,500
152,1,kebon pala,1,2.5,1,128.0,0,209.0,1,125,130,690
185,1,pisangan baru,1,2.5,1,128.0,0,209.0,1,125,130,690
62,1,cipayung,0,0.0,0,5.0,0,25.0,0,90,105,330
189,1,pondok bambu,1,66.0,1,74.0,0,85.0,3,170,300,580
124,1,kampung melayu,1,2.0,0,0.0,0,136.5,1,100,100,330
149,1,kebon manggis,1,9.5,1,24.5,1,93.5,1,105,90,330
57,1,cililitan,0,0.0,0,0.0,0,20.0,0,80,60,330
57,1,cililitan,0,0.0,0,0.0,0,20.0,0,80,60,330
85,1,cipinang muara,1,41.0,1,87.0,0,154.0,2,160,175,620
48,1,cililitan,0,0.0,0,0.0,0,0.0,0,80,90,330
179,1,penggilingan,1,9.5,1,24.5,1,93.5,1,105,90,330
169,1,makasar,1,8.5,1,38.5,0,61.0,1,135,139,420
69,1,cipinang cempedak,1,31.0,0,72.0,0,157.0,2,125,150,750
14,1,batu ampar,1,2.5,1,128.0,0,209.0,1,125,130,690
53,1,cililitan,1,66.0,1,74.0,0,85.0,3,170,300,580
187,1,pisangan timur,1,2.5,1,128.0,0,209.0,1,125,130,690
100,1,gedong,1,5.0,0,6.5,0,10.5,1,105,110,420
224,1,utan kayu utara,1,31.0,0,72.0,0,157.0,2,125,150,750
7,1,balekambang,1,8.5,1,38.5,0,61.0,1,135,139,420
52,1,cililitan,1,66.0,1,74.0,0,85.0,3,170,300,580
59,1,cililitan,1,31.0,0,72.0,0,157.0,2,125,150,750
107,1,jatinegara,1,50.0,1,26.0,0,53.0,0,165,230,660
4,1,balekambang,1,41.0,1,87.0,0,154.0,2,160,175,620
102,1,halim perdana kusuma,1,39.8,1,26.3,1,101.8,2,115,200,735
195,1,pondok kelapa,1,2.0,0,11.0,0,91.0,1,120,80,330
5,1,balekambang,0,0.0,0,9.0,0,137.0,0,90,80,330
108,1,jatinegara,1,47.0,1,103.0,0,182.0,2,175,260,500
223,1,utan kayu utara,1,2.5,1,128.0,0,209.0,1,125,130,690
115,1,kampung melayu,0,0.0,0,2.0,0,2.0,0,75,90,330
93,1,duren sawit,1,66.0,1,74.0,0,85.0,3,170,300,580
46,1,cawang,1,9.5,1,24.5,1,93.5,1,105,90,330
98,1,duren sawit,1,2.0,0,11.0,0,91.0,1,120,80,330
54,1,cililitan,1,41.0,1,87.0,0,154.0,2,160,175,620
167,1,lubang buaya,1,2.0,0,11.0,0,91.0,1,120,80,330
51,1,cililitan,0,0.0,0,79.0,0,232.0,0,120,205,340
143,1,kayu putih,1,2.5,1,128.0,0,209.0,1,125,130,690
12,1,batu ampar,0,0.0,0,35.0,0,35.0,0,110,90,330
113,1,jatinegara,1,9.5,1,24.5,1,93.5,1,105,90,330
123,1,kampung melayu,1,5.0,0,6.5,0,10.5,1,105,110,420
105,1,jatinegara,1,66.0,1,74.0,0,85.0,3,170,300,580
157,1,klender,1,2.5,1,128.0,0,209.0,1,125,130,690
146,1,kebon manggis,1,66.0,1,74.0,0,85.0,3,170,300,580
144,1,kayu putih,1,31.0,0,72.0,0,157.0,2,125,150,750
119,1,kampung melayu,0,0.0,0,79.0,0,232.0,0,120,205,340
62,1,cipayung,0,0.0,0,5.0,0,25.0,0,90,105,330
18,1,bidara cina,1,45.0,0,81.0,0,81.0,2,155,250,500
91,1,dukuh,1,39.8,1,26.3,1,101.8,2,115,200,735
57,1,cililitan,0,0.0,0,0.0,0,20.0,0,80,60,330
182,1,pinangranti,1,31.0,0,72.0,0,157.0,2,125,150,750
89,1,dukuh,0,0.0,0,0.0,0,83.0,0,90,140,330
217,1,rawamangun,1,2.5,1,128.0,0,209.0,1,125,130,690
116,1,kampung melayu,1,45.0,0,81.0,0,81.0,2,155,250,500
61,1,cililitan,1,9.5,1,24.5,1,93.5,1,105,90,330
22,1,bidara cina,0,0.0,0,9.0,0,137.0,0,90,80,330
126,1,kampung melayu,0,0.0,0,0.0,0,20.0,0,80,60,330
136,1,kampung tengah,0,0.0,0,0.0,0,83.0,0,90,140,330
139,1,kampung tengah,1,39.8,1,26.3,1,101.8,2,115,200,735
128,1,kampung melayu,1,2.5,1,128.0,0,209.0,1,125,130,690
57,1,cililitan,0,0.0,0,0.0,0,20.0,0,80,60,330
121,1,kampung melayu,1,66.0,1,74.0,0,85.0,3,170,300,580
0,1,balekambang,0,0.0,0,0.0,0,0.0,0,160,250,450
33,1,cawang,0,0.0,0,0.0,0,83.0,0,90,140,330
95,1,duren sawit,1,2.0,0,0.0,0,136.5,1,100,100,330
125,1,kampung melayu,0,0.0,0,9.0,0,137.0,0,90,80,330
117,1,kampung melayu,1,19.3,1,14.8,1,147.0,1,110,120,331
47,1,cililitan,0,0.0,0,0.0,0,83.0,0,90,140,330
88,1,ciracas,1,8.5,1,38.5,0,61.0,1,135,139,420
116,1,kampung melayu,1,45.0,0,81.0,0,81.0,2,155,250,500
128,1,kampung melayu,1,2.5,1,128.0,0,209.0,1,125,130,690
15,1,batu ampar,1,31.0,0,72.0,0,157.0,2,125,150,750
188,1,pisangan timur,1,31.0,0,72.0,0,157.0,2,125,150,750
191,1,pondok bambu,1,2.5,1,128.0,0,209.0,1,125,130,690
190,1,pondok bambu,1,2.0,0,0.0,0,136.5,1,100,100,330
68,1,cipinang cempedak,1,2.5,1,128.0,0,209.0,1,125,130,690
21,1,bidara cina,1,5.0,0,6.5,0,10.5,1,105,110,420
92,1,duren sawit,1,66.0,1,74.0,0,85.0,3,170,300,580
194,1,pondok kelapa,0,0.0,0,46.0,0,57.0,0,90,85,330
75,1,cipinang melayu,1,8.5,1,38.5,0,61.0,1,135,139,420
153,1,kebon pala,1,31.0,0,72.0,0,157.0,2,125,150,750
143,1,kayu putih,1,2.5,1,128.0,0,209.0,1,125,130,690
178,1,penggilingan,1,2.0,0,11.0,0,91.0,1,120,80,330
85,1,cipinang muara,1,41.0,1,87.0,0,154.0,2,160,175,620
184,1,pisangan baru,1,66.0,1,74.0,0,85.0,3,170,300,580
28,1,bidara cina,1,2.0,0,11.0,0,91.0,1,120,80,330
205,1,rambutan,1,49.9,1,126.0,0,126.0,3,135,190,331
219,1,susukan,1,2.0,0,0.0,0,136.5,1,100,100,330
68,1,cipinang cempedak,1,2.5,1,128.0,0,209.0,1,125,130,690
46,1,cawang,1,9.5,1,24.5,1,93.5,1,105,90,330
93,1,duren sawit,1,66.0,1,74.0,0,85.0,3,170,300,580
189,1,pondok bambu,1,66.0,1,74.0,0,85.0,3,170,300,580
196,1,pondok kelapa,1,9.5,1,24.5,1,93.5,1,105,90,330
203,1,pulo gadung,1,39.8,1,26.3,1,101.8,2,115,200,735
143,1,kayu putih,1,2.5,1,128.0,0,209.0,1,125,130,690
217,1,rawamangun,1,2.5,1,128.0,0,209.0,1,125,130,690
217,1,rawamangun,1,2.5,1,128.0,0,209.0,1,125,130,690
175,1,pekayon,1,2.0,0,11.0,0,91.0,1,120,80,330
84,1,cipinang muara,1,66.0,1,74.0,0,85.0,3,170,300,580
38,1,cawang,1,41.0,1,87.0,0,154.0,2,160,175,620
99,1,gedong,1,66.0,1,74.0,0,85.0,3,170,300,580
32,1,cawang,0,0.0,0,0.0,0,0.0,0,160,250,450
221,1,susukan,1,39.8,1,26.3,1,101.8,2,115,200,735
100,1,gedong,1,5.0,0,6.5,0,10.5,1,105,110,420
22,1,bidara cina,0,0.0,0,9.0,0,137.0,0,90,80,330
9,1,balekambang,1,9.5,1,24.5,1,93.5,1,105,90,330
68,1,cipinang cempedak,1,2.5,1,128.0,0,209.0,1,125,130,690
99,1,gedong,1,66.0,1,74.0,0,85.0,3,170,300,580
33,1,cawang,0,0.0,0,0.0,0,83.0,0,90,140,330
179,1,penggilingan,1,9.5,1,24.5,1,93.5,1,105,90,330
222,1,utan kayu selatan,1,66.0,1,74.0,0,85.0,3,170,300,580
137,1,kampung tengah,1,66.0,1,74.0,0,85.0,3,170,300,580
146,1,kebon manggis,1,66.0,1,74.0,0,85.0,3,170,300,580
185,1,pisangan baru,1,2.5,1,128.0,0,209.0,1,125,130,690
95,1,duren sawit,1,2.0,0,0.0,0,136.5,1,100,100,330
0,1,balekambang,0,0.0,0,0.0,0,0.0,0,160,250,450
68,1,cipinang cempedak,1,2.5,1,128.0,0,209.0,1,125,130,690
3,1,balekambang,1,66.0,1,74.0,0,85.0,3,170,300,580
15,1,batu ampar,1,31.0,0,72.0,0,157.0,2,125,150,750
23,1,bidara cina,1,21.0,0,15.0,0,15.0,2,100,80,330
79,1,cipinang melayu,1,9.5,1,24.5,1,93.5,1,105,90,330
1,1,balekambang,0,0.0,0,0.0,0,83.0,0,90,140,330
219,1,susukan,1,2.0,0,0.0,0,136.5,1,100,100,330
127,1,kampung melayu,1,19.0,1,9.5,0,12.0,1,100,80,420
159,1,klender,1,2.0,0,11.0,0,91.0,1,120,80,330
218,1,rawamangun,1,31.0,0,72.0,0,157.0,2,125,150,750
83,1,cipinang muara,0,0.0,0,0.0,0,22.0,0,85,100,330
151,1,kebon pala,1,14.0,0,14.0,0,67.0,1,100,60,380
139,1,kampung tengah,1,39.8,1,26.3,1,101.8,2,115,200,735
177,1,penggilingan,1,31.0,0,72.0,0,157.0,2,125,150,750
162,1,kramatjati,1,47.0,1,103.0,0,182.0,2,175,260,500
123,1,kampung melayu,1,5.0,0,6.5,0,10.5,1,105,110,420
32,1,cawang,0,0.0,0,0.0,0,0.0,0,160,250,450
160,1,kramatjati,1,66.0,1,74.0,0,85.0,3,170,300,580
188,1,pisangan timur,1,31.0,0,72.0,0,157.0,2,125,150,750
178,1,penggilingan,1,2.0,0,11.0,0,91.0,1,120,80,330
170,1,makasar,1,2.5,1,128.0,0,209.0,1,125,130,690
100,1,gedong,1,5.0,0,6.5,0,10.5,1,105,110,420
11,1,batu ampar,1,66.0,1,74.0,0,85.0,3,170,300,580
66,1,cipinang,1,9.5,1,24.5,1,93.5,1,105,90,330
64,1,cipayung,1,50.0,1,26.0,0,53.0,0,165,230,660
160,1,kramatjati,1,66.0,1,74.0,0,85.0,3,170,300,580
167,1,lubang buaya,1,2.0,0,11.0,0,91.0,1,120,80,330
73,1,cipinang melayu,1,50.0,1,26.0,0,53.0,0,165,230,660
42,1,cawang,1,2.5,1,128.0,0,209.0,1,125,130,690
43,1,cawang,1,31.0,0,72.0,0,157.0,2,125,150,750
28,1,bidara cina,1,2.0,0,11.0,0,91.0,1,120,80,330
140,1,kayu manis,1,66.0,1,74.0,0,85.0,3,170,300,580
11,1,batu ampar,1,66.0,1,74.0,0,85.0,3,170,300,580
94,1,duren sawit,1,50.0,1,26.0,0,53.0,0,165,230,660
45,1,cawang,1,2.0,0,11.0,0,91.0,1,120,80,330
129,1,kampung melayu,1,31.0,0,72.0,0,157.0,2,125,150,750
34,1,cawang,0,0.0,0,2.0,0,2.0,0,75,90,330
214,1,rawa terate,1,2.5,1,128.0,0,209.0,1,125,130,690
80,1,cipinang melayu,1,39.8,1,26.3,1,101.8,2,115,200,735
89,1,dukuh,0,0.0,0,0.0,0,83.0,0,90,140,330
7,1,balekambang,1,8.5,1,38.5,0,61.0,1,135,139,420
92,1,duren sawit,1,66.0,1,74.0,0,85.0,3,170,300,580
153,1,kebon pala,1,31.0,0,72.0,0,157.0,2,125,150,750
201,1,pulo gadung,1,2.0,0,11.0,0,91.0,1,120,80,330
89,1,dukuh,0,0.0,0,0.0,0,83.0,0,90,140,330
161,1,kramatjati,1,50.0,1,26.0,0,53.0,0,165,230,660
114,1,kampung melayu,0,0.0,0,0.0,0,0.0,0,160,250,450
104,1,jatinegara,0,0.0,0,5.0,0,25.0,0,90,105,330
134,1,kampung melayu,1,9.5,1,24.5,1,93.5,1,105,90,330
195,1,pondok kelapa,1,2.0,0,11.0,0,91.0,1,120,80,330
57,1,cililitan,0,0.0,0,0.0,0,20.0,0,80,60,330
113,1,jatinegara,1,9.5,1,24.5,1,93.5,1,105,90,330
74,1,cipinang melayu,1,41.0,1,87.0,0,154.0,2,160,175,620
156,1,kebon pala,1,9.5,1,24.5,1,93.5,1,105,90,330
119,1,kampung melayu,0,0.0,0,79.0,0,232.0,0,120,205,340
163,1,kramatjati,1,41.0,1,87.0,0,154.0,2,160,175,620
216,1,rawa terate,1,9.5,1,24.5,1,93.5,1,105,90,330
20,1,bidara cina,1,41.0,1,87.0,0,154.0,2,160,175,620
163,1,kramatjati,1,41.0,1,87.0,0,154.0,2,160,175,620
137,1,kampung tengah,1,66.0,1,74.0,0,85.0,3,170,300,580
100,1,gedong,1,5.0,0,6.5,0,10.5,1,105,110,420
200,1,pulo gadung,1,2.0,0,11.0,0,91.0,1,120,80,330
151,1,kebon pala,1,14.0,0,14.0,0,67.0,1,100,60,380
191,1,pondok bambu,1,2.5,1,128.0,0,209.0,1,125,130,690
176,1,penggilingan,1,2.5,1,128.0,0,209.0,1,125,130,690
98,1,duren sawit,1,2.0,0,11.0,0,91.0,1,120,80,330
35,1,cawang,1,19.3,1,14.8,1,147.0,1,110,120,331
209,1,rambutan,1,2.0,0,11.0,0,91.0,1,120,80,330
95,1,duren sawit,1,2.0,0,0.0,0,136.5,1,100,100,330
151,1,kebon pala,1,14.0,0,14.0,0,67.0,1,100,60,380
150,1,kebon pala,1,66.0,1,74.0,0,85.0,3,170,300,580
189,1,pondok bambu,1,66.0,1,74.0,0,85.0,3,170,300,580
223,1,utan kayu utara,1,2.5,1,128.0,0,209.0,1,125,130,690
36,1,cawang,0,0.0,0,79.0,0,232.0,0,120,205,340
11,1,batu ampar,1,66.0,1,74.0,0,85.0,3,170,300,580
112,1,jatinegara,1,2.0,0,11.0,0,91.0,1,120,80,330
182,1,pinangranti,1,31.0,0,72.0,0,157.0,2,125,150,750
12,1,batu ampar,0,0.0,0,35.0,0,35.0,0,110,90,330
22,1,bidara cina,0,0.0,0,9.0,0,137.0,0,90,80,330
216,1,rawa terate,1,9.5,1,24.5,1,93.5,1,105,90,330
98,1,duren sawit,1,2.0,0,11.0,0,91.0,1,120,80,330
104,1,jatinegara,0,0.0,0,5.0,0,25.0,0,90,105,330
29,1,bidara cina,1,9.5,1,24.5,1,93.5,1,105,90,330
16,1,bidara cina,0,0.0,0,0.0,0,0.0,0,160,250,450
112,1,jatinegara,1,2.0,0,11.0,0,91.0,1,120,80,330
61,1,cililitan,1,9.5,1,24.5,1,93.5,1,105,90,330
83,1,cipinang muara,0,0.0,0,0.0,0,22.0,0,85,100,330
111,1,jatinegara,1,31.0,0,72.0,0,157.0,2,125,150,750
216,1,rawa terate,1,9.5,1,24.5,1,93.5,1,105,90,330
85,1,cipinang muara,1,41.0,1,87.0,0,154.0,2,160,175,620
140,1,kayu manis,1,66.0,1,74.0,0,85.0,3,170,300,580
186,1,pisangan baru,1,31.0,0,72.0,0,157.0,2,125,150,750
18,1,bidara cina,1,45.0,0,81.0,0,81.0,2,155,250,500
176,1,penggilingan,1,2.5,1,128.0,0,209.0,1,125,130,690
99,1,gedong,1,66.0,1,74.0,0,85.0,3,170,300,580
139,1,kampung tengah,1,39.8,1,26.3,1,101.8,2,115,200,735
188,1,pisangan timur,1,31.0,0,72.0,0,157.0,2,125,150,750
146,1,kebon manggis,1,66.0,1,74.0,0,85.0,3,170,300,580
75,1,cipinang melayu,1,8.5,1,38.5,0,61.0,1,135,139,420
8,1,balekambang,0,0.0,1,83.0,0,96.0,0,90,75,400
198,1,pulo gadung,1,2.5,1,128.0,0,209.0,1,125,130,690
27,1,bidara cina,0,0.0,1,83.0,0,96.0,0,90,75,400
205,1,rambutan,1,49.9,1,126.0,0,126.0,3,135,190,331
222,1,utan kayu selatan,1,66.0,1,74.0,0,85.0,3,170,300,580
127,1,kampung melayu,1,19.0,1,9.5,0,12.0,1,100,80,420
51,1,cililitan,0,0.0,0,79.0,0,232.0,0,120,205,340
82,1,cipinang muara,1,49.9,1,126.0,0,126.0,3,135,190,331
110,1,jatinegara,1,2.5,1,128.0,0,209.0,1,125,130,690
143,1,kayu putih,1,2.5,1,128.0,0,209.0,1,125,130,690
116,1,kampung melayu,1,45.0,0,81.0,0,81.0,2,155,250,500
68,1,cipinang cempedak,1,2.5,1,128.0,0,209.0,1,125,130,690
98,1,duren sawit,1,2.0,0,11.0,0,91.0,1,120,80,330
139,1,kampung tengah,1,39.8,1,26.3,1,101.8,2,115,200,735
24,1,bidara cina,0,0.0,0,0.0,0,20.0,0,80,60,330
179,1,penggilingan,1,9.5,1,24.5,1,93.5,1,105,90,330
122,1,kampung melayu,1,41.0,1,87.0,0,154.0,2,160,175,620
212,1,rawa bunga,1,31.0,0,72.0,0,157.0,2,125,150,750
52,1,cililitan,1,66.0,1,74.0,0,85.0,3,170,300,580
150,1,kebon pala,1,66.0,1,74.0,0,85.0,3,170,300,580
143,1,kayu putih,1,2.5,1,128.0,0,209.0,1,125,130,690
56,1,cililitan,0,0.0,0,9.0,0,137.0,0,90,80,330
38,1,cawang,1,41.0,1,87.0,0,154.0,2,160,175,620
108,1,jatinegara,1,47.0,1,103.0,0,182.0,2,175,260,500
180,1,pinangranti,1,8.5,1,38.5,0,61.0,1,135,139,420
41,1,cawang,0,0.0,0,0.0,0,20.0,0,80,60,330
185,1,pisangan baru,1,2.5,1,128.0,0,209.0,1,125,130,690
166,1,lubang buaya,1,8.5,1,38.5,0,61.0,1,135,139,420
141,1,kayu manis,1,50.0,1,26.0,0,53.0,0,165,230,660
222,1,utan kayu selatan,1,66.0,1,74.0,0,85.0,3,170,300,580
121,1,kampung melayu,1,66.0,1,74.0,0,85.0,3,170,300,580
132,1,kampung melayu,1,2.0,0,11.0,0,91.0,1,120,80,330
162,1,kramatjati,1,47.0,1,103.0,0,182.0,2,175,260,500
214,1,rawa terate,1,2.5,1,128.0,0,209.0,1,125,130,690
220,1,susukan,0,0.0,0,9.0,0,137.0,0,90,80,330
74,1,cipinang melayu,1,41.0,1,87.0,0,154.0,2,160,175,620
145,1,kayu putih,1,9.5,1,24.5,1,93.5,1,105,90,330
75,1,cipinang melayu,1,8.5,1,38.5,0,61.0,1,135,139,420
8,1,balekambang,0,0.0,1,83.0,0,96.0,0,90,75,400
73,1,cipinang melayu,1,50.0,1,26.0,0,53.0,0,165,230,660
185,1,pisangan baru,1,2.5,1,128.0,0,209.0,1,125,130,690
144,1,kayu putih,1,31.0,0,72.0,0,157.0,2,125,150,750
6,1,balekambang,0,0.0,0,0.0,0,20.0,0,80,60,330
173,1,malaka sari,1,66.0,1,74.0,0,85.0,3,170,300,580
140,1,kayu manis,1,66.0,1,74.0,0,85.0,3,170,300,580
167,1,lubang buaya,1,2.0,0,11.0,0,91.0,1,120,80,330
169,1,makasar,1,8.5,1,38.5,0,61.0,1,135,139,420
136,1,kampung tengah,0,0.0,0,0.0,0,83.0,0,90,140,330
177,1,penggilingan,1,31.0,0,72.0,0,157.0,2,125,150,750
26,1,bidara cina,1,31.0,0,72.0,0,157.0,2,125,150,750
121,1,kampung melayu,1,66.0,1,74.0,0,85.0,3,170,300,580
193,1,pondok kelapa,1,66.0,1,74.0,0,85.0,3,170,300,580
4,1,balekambang,1,41.0,1,87.0,0,154.0,2,160,175,620
28,1,bidara cina,1,2.0,0,11.0,0,91.0,1,120,80,330
164,1,lubang buaya,1,49.9,1,126.0,0,126.0,3,135,190,331
165,1,lubang buaya,1,66.0,1,74.0,0,85.0,3,170,300,580
82,1,cipinang muara,1,49.9,1,126.0,0,126.0,3,135,190,331
135,1,kampung melayu,1,39.8,1,26.3,1,101.8,2,115,200,735
108,1,jatinegara,1,47.0,1,103.0,0,182.0,2,175,260,500
64,1,cipayung,1,50.0,1,26.0,0,53.0,0,165,230,660
85,1,cipinang muara,1,41.0,1,87.0,0,154.0,2,160,175,620
144,1,kayu putih,1,31.0,0,72.0,0,157.0,2,125,150,750
70,1,cipinang melayu,1,6.0,0,8.0,0,37.0,1,75,90,330
216,1,rawa terate,1,9.5,1,24.5,1,93.5,1,105,90,330
44,1,cawang,0,0.0,1,83.0,0,96.0,0,90,75,400
131,1,kampung melayu,0,0.0,1,83.0,0,96.0,0,90,75,400
35,1,cawang,1,19.3,1,14.8,1,147.0,1,110,120,331
69,1,cipinang cempedak,1,31.0,0,72.0,0,157.0,2,125,150,750
158,1,klender,1,31.0,0,72.0,0,157.0,2,125,150,750
18,1,bidara cina,1,45.0,0,81.0,0,81.0,2,155,250,500
188,1,pisangan timur,1,31.0,0,72.0,0,157.0,2,125,150,750
107,1,jatinegara,1,50.0,1,26.0,0,53.0,0,165,230,660
181,1,pinangranti,1,2.5,1,128.0,0,209.0,1,125,130,690
166,1,lubang buaya,1,8.5,1,38.5,0,61.0,1,135,139,420
90,1,dukuh,1,66.0,1,74.0,0,85.0,3,170,300,580
201,1,pulo gadung,1,2.0,0,11.0,0,91.0,1,120,80,330
89,1,dukuh,0,0.0,0,0.0,0,83.0,0,90,140,330
18,1,bidara cina,1,45.0,0,81.0,0,81.0,2,155,250,500
38,1,cawang,1,41.0,1,87.0,0,154.0,2,160,175,620
125,1,kampung melayu,0,0.0,0,9.0,0,137.0,0,90,80,330
194,1,pondok kelapa,0,0.0,0,46.0,0,57.0,0,90,85,330
172,1,makasar,1,39.8,1,26.3,1,101.8,2,115,200,735
140,1,kayu manis,1,66.0,1,74.0,0,85.0,3,170,300,580
219,1,susukan,1,2.0,0,0.0,0,136.5,1,100,100,330
225,0,balekambang,0,0.0,0,77.0,0,160.0,0,80,100,330
226,0,balekambang,0,0.0,0,17.0,0,79.0,0,80,100,330
227,0,balekambang,0,0.0,0,0.0,0,0.0,0,90,100,330
228,0,balekambang,0,0.0,0,0.0,0,10.0,0,75,80,330
229,0,balekambang,0,0.0,0,0.0,0,0.0,0,110,115,330
230,0,balekambang,0,0.0,0,0.0,0,0.0,0,80,90,330
231,0,balekambang,0,0.0,0,7.0,0,19.0,0,85,80,330
232,0,balekambang,0,0.0,0,34.0,0,34.0,0,75,80,330
233,0,balekambang,0,0.0,0,4.0,0,6.0,0,95,110,330
234,0,balekambang,0,0.0,0,0.0,0,6.0,0,80,80,330
235,0,balekambang,0,0.0,0,4.0,0,4.0,0,90,80,330
236,0,balekambang,0,0.0,0,1.0,0,14.0,0,80,80,330
237,0,balekambang,0,0.0,0,8.0,0,53.0,0,100,125,330
238,0,balekambang,0,0.0,0,39.0,0,94.0,0,100,100,330
239,0,balekambang,0,0.0,0,25.0,0,30.0,0,110,100,440
240,0,balekambang,0,0.0,0,15.0,0,67.0,0,90,90,330
241,0,balekambang,0,0.0,0,25.0,0,37.0,0,90,105,330
242,0,balekambang,0,0.0,0,44.0,0,159.0,0,105,105,330
243,0,balekambang,0,0.0,0,17.0,0,25.0,0,155,160,450
244,0,balekambang,0,0.0,0,0.0,0,22.0,0,90,100,330
245,0,balekambang,0,0.0,0,0.0,0,33.0,0,95,80,330
246,0,balekambang,0,0.0,0,0.0,0,2.5,0,80,70,330
247,0,balekambang,0,0.0,0,0.0,0,0.0,0,75,50,330
248,0,balekambang,1,14.0,0,12.0,0,13.0,1,110,70,370
249,0,balekambang,0,0.0,0,0.0,0,23.5,0,75,50,400
250,0,balekambang,0,0.0,0,33.5,0,80.0,0,90,100,330
251,0,balekambang,0,0.0,0,0.0,0,0.0,0,80,55,330
252,0,balekambang,1,4.0,0,0.0,0,68.5,1,90,90,330
253,0,balekambang,1,1.0,0,0.0,0,0.0,1,85,50,330
254,0,balekambang,0,0.0,0,0.0,0,0.0,0,90,60,330
255,0,bambu apus,0,0.0,0,0.0,0,33.0,0,95,80,330
256,0,bambu apus,0,0.0,0,0.0,0,2.5,0,80,70,330
257,0,bambu apus,0,0.0,0,0.0,0,0.0,0,75,50,330
258,0,bambu apus,1,14.0,0,12.0,0,13.0,1,110,70,370
259,0,bambu apus,0,0.0,0,0.0,0,23.5,0,75,50,400
260,0,bambu apus,0,0.0,0,33.5,0,80.0,0,90,100,330
261,0,bambu apus,0,0.0,0,0.0,0,0.0,0,80,55,330
262,0,bambu apus,1,4.0,0,0.0,0,68.5,1,90,90,330
263,0,bambu apus,1,1.0,0,0.0,0,0.0,1,85,50,330
264,0,bambu apus,0,0.0,0,0.0,0,0.0,0,90,60,330
265,0,batu ampar,0,0.0,0,4.0,0,4.0,0,90,80,330
266,0,batu ampar,0,0.0,0,1.0,0,14.0,0,80,80,330
267,0,batu ampar,0,0.0,0,8.0,0,53.0,0,100,125,330
268,0,batu ampar,0,0.0,0,39.0,0,94.0,0,100,100,330
269,0,batu ampar,0,0.0,0,25.0,0,30.0,0,110,100,440
270,0,batu ampar,0,0.0,0,15.0,0,67.0,0,90,90,330
271,0,batu ampar,0,0.0,0,25.0,0,37.0,0,90,105,330
272,0,batu ampar,0,0.0,0,44.0,0,159.0,0,105,105,330
273,0,batu ampar,0,0.0,0,17.0,0,25.0,0,155,160,450
274,0,batu ampar,0,0.0,0,0.0,0,22.0,0,90,100,330
275,0,batu ampar,0,0.0,0,0.0,0,33.0,0,95,80,330
276,0,batu ampar,0,0.0,0,0.0,0,2.5,0,80,70,330
277,0,batu ampar,0,0.0,0,0.0,0,0.0,0,75,50,330
278,0,batu ampar,1,14.0,0,12.0,0,13.0,1,110,70,370
279,0,batu ampar,0,0.0,0,0.0,0,23.5,0,75,50,400
280,0,batu ampar,0,0.0,0,33.5,0,80.0,0,90,100,330
281,0,batu ampar,0,0.0,0,0.0,0,0.0,0,80,55,330
282,0,batu ampar,1,4.0,0,0.0,0,68.5,1,90,90,330
283,0,batu ampar,1,1.0,0,0.0,0,0.0,1,85,50,330
284,0,batu ampar,0,0.0,0,0.0,0,0.0,0,90,60,330
285,0,bidara cina,0,0.0,0,77.0,0,160.0,0,80,100,330
286,0,bidara cina,0,0.0,0,17.0,0,79.0,0,80,100,330
287,0,bidara cina,0,0.0,0,0.0,0,0.0,0,90,100,330
288,0,bidara cina,0,0.0,0,0.0,0,10.0,0,75,80,330
289,0,bidara cina,0,0.0,0,0.0,0,0.0,0,110,115,330
290,0,bidara cina,0,0.0,0,0.0,0,0.0,0,80,90,330
291,0,bidara cina,0,0.0,0,7.0,0,19.0,0,85,80,330
292,0,bidara cina,0,0.0,0,34.0,0,34.0,0,75,80,330
293,0,bidara cina,0,0.0,0,4.0,0,6.0,0,95,110,330
294,0,bidara cina,0,0.0,0,0.0,0,6.0,0,80,80,330
295,0,bidara cina,0,0.0,0,4.0,0,4.0,0,90,80,330
296,0,bidara cina,0,0.0,0,1.0,0,14.0,0,80,80,330
297,0,bidara cina,0,0.0,0,8.0,0,53.0,0,100,125,330
298,0,bidara cina,0,0.0,0,39.0,0,94.0,0,100,100,330
299,0,bidara cina,0,0.0,0,25.0,0,30.0,0,110,100,440
300,0,bidara cina,0,0.0,0,15.0,0,67.0,0,90,90,330
301,0,bidara cina,0,0.0,0,25.0,0,37.0,0,90,105,330
302,0,bidara cina,0,0.0,0,44.0,0,159.0,0,105,105,330
303,0,bidara cina,0,0.0,0,17.0,0,25.0,0,155,160,450
304,0,bidara cina,0,0.0,0,0.0,0,22.0,0,90,100,330
305,0,bidara cina,0,0.0,0,0.0,0,33.0,0,95,80,330
306,0,bidara cina,0,0.0,0,0.0,0,2.5,0,80,70,330
307,0,bidara cina,0,0.0,0,0.0,0,0.0,0,75,50,330
308,0,bidara cina,1,14.0,0,12.0,0,13.0,1,110,70,370
309,0,bidara cina,0,0.0,0,0.0,0,23.5,0,75,50,400
310,0,bidara cina,0,0.0,0,33.5,0,80.0,0,90,100,330
311,0,bidara cina,0,0.0,0,0.0,0,0.0,0,80,55,330
312,0,bidara cina,1,4.0,0,0.0,0,68.5,1,90,90,330
313,0,bidara cina,1,1.0,0,0.0,0,0.0,1,85,50,330
314,0,bidara cina,0,0.0,0,0.0,0,0.0,0,90,60,330
315,0,cakung timur,0,0.0,0,0.0,0,33.0,0,95,80,330
316,0,cakung timur,0,0.0,0,0.0,0,2.5,0,80,70,330
317,0,cakung timur,0,0.0,0,0.0,0,0.0,0,75,50,330
318,0,cakung timur,1,14.0,0,12.0,0,13.0,1,110,70,370
319,0,cakung timur,0,0.0,0,0.0,0,23.5,0,75,50,400
320,0,cakung timur,0,0.0,0,33.5,0,80.0,0,90,100,330
321,0,cakung timur,0,0.0,0,0.0,0,0.0,0,80,55,330
322,0,cakung timur,1,4.0,0,0.0,0,68.5,1,90,90,330
323,0,cakung timur,1,1.0,0,0.0,0,0.0,1,85,50,330
324,0,cakung timur,0,0.0,0,0.0,0,0.0,0,90,60,330
325,0,cawang,0,0.0,0,77.0,0,160.0,0,80,100,330
326,0,cawang,0,0.0,0,17.0,0,79.0,0,80,100,330
327,0,cawang,0,0.0,0,0.0,0,0.0,0,90,100,330
328,0,cawang,0,0.0,0,0.0,0,10.0,0,75,80,330
329,0,cawang,0,0.0,0,0.0,0,0.0,0,110,115,330
330,0,cawang,0,0.0,0,0.0,0,0.0,0,80,90,330
331,0,cawang,0,0.0,0,7.0,0,19.0,0,85,80,330
332,0,cawang,0,0.0,0,34.0,0,34.0,0,75,80,330
333,0,cawang,0,0.0,0,4.0,0,6.0,0,95,110,330
334,0,cawang,0,0.0,0,0.0,0,6.0,0,80,80,330
335,0,cawang,0,0.0,0,4.0,0,4.0,0,90,80,330
336,0,cawang,0,0.0,0,1.0,0,14.0,0,80,80,330
337,0,cawang,0,0.0,0,8.0,0,53.0,0,100,125,330
338,0,cawang,0,0.0,0,39.0,0,94.0,0,100,100,330
339,0,cawang,0,0.0,0,25.0,0,30.0,0,110,100,440
340,0,cawang,0,0.0,0,15.0,0,67.0,0,90,90,330
341,0,cawang,0,0.0,0,25.0,0,37.0,0,90,105,330
342,0,cawang,0,0.0,0,44.0,0,159.0,0,105,105,330
343,0,cawang,0,0.0,0,17.0,0,25.0,0,155,160,450
344,0,cawang,0,0.0,0,0.0,0,22.0,0,90,100,330
345,0,cawang,0,0.0,0,0.0,0,33.0,0,95,80,330
346,0,cawang,0,0.0,0,0.0,0,2.5,0,80,70,330
347,0,cawang,0,0.0,0,0.0,0,0.0,0,75,50,330
348,0,cawang,1,14.0,0,12.0,0,13.0,1,110,70,370
349,0,cawang,0,0.0,0,0.0,0,23.5,0,75,50,400
350,0,cawang,0,0.0,0,33.5,0,80.0,0,90,100,330
351,0,cawang,0,0.0,0,0.0,0,0.0,0,80,55,330
352,0,cawang,1,4.0,0,0.0,0,68.5,1,90,90,330
353,0,cawang,1,1.0,0,0.0,0,0.0,1,85,50,330
354,0,cawang,0,0.0,0,0.0,0,0.0,0,90,60,330
355,0,cililitan,0,0.0,0,77.0,0,160.0,0,80,100,330
356,0,cililitan,0,0.0,0,17.0,0,79.0,0,80,100,330
357,0,cililitan,0,0.0,0,0.0,0,0.0,0,90,100,330
358,0,cililitan,0,0.0,0,0.0,0,10.0,0,75,80,330
359,0,cililitan,0,0.0,0,0.0,0,0.0,0,110,115,330
360,0,cililitan,0,0.0,0,0.0,0,0.0,0,80,90,330
361,0,cililitan,0,0.0,0,7.0,0,19.0,0,85,80,330
362,0,cililitan,0,0.0,0,34.0,0,34.0,0,75,80,330
363,0,cililitan,0,0.0,0,4.0,0,6.0,0,95,110,330
364,0,cililitan,0,0.0,0,0.0,0,6.0,0,80,80,330
365,0,cililitan,0,0.0,0,4.0,0,4.0,0,90,80,330
366,0,cililitan,0,0.0,0,1.0,0,14.0,0,80,80,330
367,0,cililitan,0,0.0,0,8.0,0,53.0,0,100,125,330
368,0,cililitan,0,0.0,0,39.0,0,94.0,0,100,100,330
369,0,cililitan,0,0.0,0,25.0,0,30.0,0,110,100,440
370,0,cililitan,0,0.0,0,15.0,0,67.0,0,90,90,330
371,0,cililitan,0,0.0,0,25.0,0,37.0,0,90,105,330
372,0,cililitan,0,0.0,0,44.0,0,159.0,0,105,105,330
373,0,cililitan,0,0.0,0,17.0,0,25.0,0,155,160,450
374,0,cililitan,0,0.0,0,0.0,0,22.0,0,90,100,330
375,0,cililitan,0,0.0,0,0.0,0,33.0,0,95,80,330
376,0,cililitan,0,0.0,0,0.0,0,2.5,0,80,70,330
377,0,cililitan,0,0.0,0,0.0,0,0.0,0,75,50,330
378,0,cililitan,1,14.0,0,12.0,0,13.0,1,110,70,370
379,0,cililitan,0,0.0,0,0.0,0,23.5,0,75,50,400
380,0,cililitan,0,0.0,0,33.5,0,80.0,0,90,100,330
381,0,cililitan,0,0.0,0,0.0,0,0.0,0,80,55,330
382,0,cililitan,1,4.0,0,0.0,0,68.5,1,90,90,330
383,0,cililitan,1,1.0,0,0.0,0,0.0,1,85,50,330
384,0,cililitan,0,0.0,0,0.0,0,0.0,0,90,60,330
385,0,cipayung,0,0.0,0,4.0,0,4.0,0,90,80,330
386,0,cipayung,0,0.0,0,1.0,0,14.0,0,80,80,330
387,0,cipayung,0,0.0,0,8.0,0,53.0,0,100,125,330
388,0,cipayung,0,0.0,0,39.0,0,94.0,0,100,100,330
389,0,cipayung,0,0.0,0,25.0,0,30.0,0,110,100,440
390,0,cipayung,0,0.0,0,15.0,0,67.0,0,90,90,330
391,0,cipayung,0,0.0,0,25.0,0,37.0,0,90,105,330
392,0,cipayung,0,0.0,0,44.0,0,159.0,0,105,105,330
393,0,cipayung,0,0.0,0,17.0,0,25.0,0,155,160,450
394,0,cipayung,0,0.0,0,0.0,0,22.0,0,90,100,330
395,0,cipayung,0,0.0,0,0.0,0,33.0,0,95,80,330
396,0,cipayung,0,0.0,0,0.0,0,2.5,0,80,70,330
397,0,cipayung,0,0.0,0,0.0,0,0.0,0,75,50,330
398,0,cipayung,1,14.0,0,12.0,0,13.0,1,110,70,370
399,0,cipayung,0,0.0,0,0.0,0,23.5,0,75,50,400
400,0,cipayung,0,0.0,0,33.5,0,80.0,0,90,100,330
401,0,cipayung,0,0.0,0,0.0,0,0.0,0,80,55,330
402,0,cipayung,1,4.0,0,0.0,0,68.5,1,90,90,330
403,0,cipayung,1,1.0,0,0.0,0,0.0,1,85,50,330
404,0,cipayung,0,0.0,0,0.0,0,0.0,0,90,60,330
405,0,cipinang,0,0.0,0,0.0,0,33.0,0,95,80,330
406,0,cipinang,0,0.0,0,0.0,0,2.5,0,80,70,330
407,0,cipinang,0,0.0,0,0.0,0,0.0,0,75,50,330
408,0,cipinang,1,14.0,0,12.0,0,13.0,1,110,70,370
409,0,cipinang,0,0.0,0,0.0,0,23.5,0,75,50,400
410,0,cipinang,0,0.0,0,33.5,0,80.0,0,90,100,330
411,0,cipinang,0,0.0,0,0.0,0,0.0,0,80,55,330
412,0,cipinang,1,4.0,0,0.0,0,68.5,1,90,90,330
413,0,cipinang,1,1.0,0,0.0,0,0.0,1,85,50,330
414,0,cipinang,0,0.0,0,0.0,0,0.0,0,90,60,330
415,0,cipinang cempedak,0,0.0,0,4.0,0,4.0,0,90,80,330
416,0,cipinang cempedak,0,0.0,0,1.0,0,14.0,0,80,80,330
417,0,cipinang cempedak,0,0.0,0,8.0,0,53.0,0,100,125,330
418,0,cipinang cempedak,0,0.0,0,39.0,0,94.0,0,100,100,330
419,0,cipinang cempedak,0,0.0,0,25.0,0,30.0,0,110,100,440
420,0,cipinang cempedak,0,0.0,0,15.0,0,67.0,0,90,90,330
421,0,cipinang cempedak,0,0.0,0,25.0,0,37.0,0,90,105,330
422,0,cipinang cempedak,0,0.0,0,44.0,0,159.0,0,105,105,330
423,0,cipinang cempedak,0,0.0,0,17.0,0,25.0,0,155,160,450
424,0,cipinang cempedak,0,0.0,0,0.0,0,22.0,0,90,100,330
425,0,cipinang cempedak,0,0.0,0,0.0,0,33.0,0,95,80,330
426,0,cipinang cempedak,0,0.0,0,0.0,0,2.5,0,80,70,330
427,0,cipinang cempedak,0,0.0,0,0.0,0,0.0,0,75,50,330
428,0,cipinang cempedak,1,14.0,0,12.0,0,13.0,1,110,70,370
429,0,cipinang cempedak,0,0.0,0,0.0,0,23.5,0,75,50,400
430,0,cipinang cempedak,0,0.0,0,33.5,0,80.0,0,90,100,330
431,0,cipinang cempedak,0,0.0,0,0.0,0,0.0,0,80,55,330
432,0,cipinang cempedak,1,4.0,0,0.0,0,68.5,1,90,90,330
433,0,cipinang cempedak,1,1.0,0,0.0,0,0.0,1,85,50,330
434,0,cipinang cempedak,0,0.0,0,0.0,0,0.0,0,90,60,330
435,0,cipinang melayu,0,0.0,0,77.0,0,160.0,0,80,100,330
436,0,cipinang melayu,0,0.0,0,17.0,0,79.0,0,80,100,330
437,0,cipinang melayu,0,0.0,0,0.0,0,0.0,0,90,100,330
438,0,cipinang melayu,0,0.0,0,0.0,0,10.0,0,75,80,330
439,0,cipinang melayu,0,0.0,0,0.0,0,0.0,0,110,115,330
440,0,cipinang melayu,0,0.0,0,0.0,0,0.0,0,80,90,330
441,0,cipinang melayu,0,0.0,0,7.0,0,19.0,0,85,80,330
442,0,cipinang melayu,0,0.0,0,34.0,0,34.0,0,75,80,330
443,0,cipinang melayu,0,0.0,0,4.0,0,6.0,0,95,110,330
444,0,cipinang melayu,0,0.0,0,0.0,0,6.0,0,80,80,330
445,0,cipinang melayu,0,0.0,0,4.0,0,4.0,0,90,80,330
446,0,cipinang melayu,0,0.0,0,1.0,0,14.0,0,80,80,330
447,0,cipinang melayu,0,0.0,0,8.0,0,53.0,0,100,125,330
448,0,cipinang melayu,0,0.0,0,39.0,0,94.0,0,100,100,330
449,0,cipinang melayu,0,0.0,0,25.0,0,30.0,0,110,100,440
450,0,cipinang melayu,0,0.0,0,15.0,0,67.0,0,90,90,330
451,0,cipinang melayu,0,0.0,0,25.0,0,37.0,0,90,105,330
452,0,cipinang melayu,0,0.0,0,44.0,0,159.0,0,105,105,330
453,0,cipinang melayu,0,0.0,0,17.0,0,25.0,0,155,160,450
454,0,cipinang melayu,0,0.0,0,0.0,0,22.0,0,90,100,330
455,0,cipinang melayu,0,0.0,0,0.0,0,33.0,0,95,80,330
456,0,cipinang melayu,0,0.0,0,0.0,0,2.5,0,80,70,330
457,0,cipinang melayu,0,0.0,0,0.0,0,0.0,0,75,50,330
458,0,cipinang melayu,1,14.0,0,12.0,0,13.0,1,110,70,370
459,0,cipinang melayu,0,0.0,0,0.0,0,23.5,0,75,50,400
460,0,cipinang melayu,0,0.0,0,33.5,0,80.0,0,90,100,330
461,0,cipinang melayu,0,0.0,0,0.0,0,0.0,0,80,55,330
462,0,cipinang melayu,1,4.0,0,0.0,0,68.5,1,90,90,330
463,0,cipinang melayu,1,1.0,0,0.0,0,0.0,1,85,50,330
464,0,cipinang melayu,0,0.0,0,0.0,0,0.0,0,90,60,330
465,0,cipinang muara,0,0.0,0,77.0,0,160.0,0,80,100,330
466,0,cipinang muara,0,0.0,0,17.0,0,79.0,0,80,100,330
467,0,cipinang muara,0,0.0,0,0.0,0,0.0,0,90,100,330
468,0,cipinang muara,0,0.0,0,0.0,0,10.0,0,75,80,330
469,0,cipinang muara,0,0.0,0,0.0,0,0.0,0,110,115,330
470,0,cipinang muara,0,0.0,0,0.0,0,0.0,0,80,90,330
471,0,cipinang muara,0,0.0,0,7.0,0,19.0,0,85,80,330
472,0,cipinang muara,0,0.0,0,34.0,0,34.0,0,75,80,330
473,0,cipinang muara,0,0.0,0,4.0,0,6.0,0,95,110,330
474,0,cipinang muara,0,0.0,0,0.0,0,6.0,0,80,80,330
475,0,cipinang muara,0,0.0,0,4.0,0,4.0,0,90,80,330
476,0,cipinang muara,0,0.0,0,1.0,0,14.0,0,80,80,330
477,0,cipinang muara,0,0.0,0,8.0,0,53.0,0,100,125,330
478,0,cipinang muara,0,0.0,0,39.0,0,94.0,0,100,100,330
479,0,cipinang muara,0,0.0,0,25.0,0,30.0,0,110,100,440
480,0,cipinang muara,0,0.0,0,15.0,0,67.0,0,90,90,330
481,0,cipinang muara,0,0.0,0,25.0,0,37.0,0,90,105,330
482,0,cipinang muara,0,0.0,0,44.0,0,159.0,0,105,105,330
483,0,cipinang muara,0,0.0,0,17.0,0,25.0,0,155,160,450
484,0,cipinang muara,0,0.0,0,0.0,0,22.0,0,90,100,330
485,0,ciracas,0,0.0,0,4.0,0,4.0,0,90,80,330
486,0,ciracas,0,0.0,0,1.0,0,14.0,0,80,80,330
487,0,ciracas,0,0.0,0,8.0,0,53.0,0,100,125,330
488,0,ciracas,0,0.0,0,39.0,0,94.0,0,100,100,330
489,0,ciracas,0,0.0,0,25.0,0,30.0,0,110,100,440
490,0,ciracas,0,0.0,0,15.0,0,67.0,0,90,90,330
491,0,ciracas,0,0.0,0,25.0,0,37.0,0,90,105,330
492,0,ciracas,0,0.0,0,44.0,0,159.0,0,105,105,330
493,0,ciracas,0,0.0,0,17.0,0,25.0,0,155,160,450
494,0,ciracas,0,0.0,0,0.0,0,22.0,0,90,100,330
495,0,ciracas,0,0.0,0,0.0,0,33.0,0,95,80,330
496,0,ciracas,0,0.0,0,0.0,0,2.5,0,80,70,330
497,0,ciracas,0,0.0,0,0.0,0,0.0,0,75,50,330
498,0,ciracas,1,14.0,0,12.0,0,13.0,1,110,70,370
499,0,ciracas,0,0.0,0,0.0,0,23.5,0,75,50,400
500,0,ciracas,0,0.0,0,33.5,0,80.0,0,90,100,330
501,0,ciracas,0,0.0,0,0.0,0,0.0,0,80,55,330
502,0,ciracas,1,4.0,0,0.0,0,68.5,1,90,90,330
503,0,ciracas,1,1.0,0,0.0,0,0.0,1,85,50,330
504,0,ciracas,0,0.0,0,0.0,0,0.0,0,90,60,330
505,0,dukuh,0,0.0,0,77.0,0,160.0,0,80,100,330
506,0,dukuh,0,0.0,0,17.0,0,79.0,0,80,100,330
507,0,dukuh,0,0.0,0,0.0,0,0.0,0,90,100,330
508,0,dukuh,0,0.0,0,0.0,0,10.0,0,75,80,330
509,0,dukuh,0,0.0,0,0.0,0,0.0,0,110,115,330
510,0,dukuh,0,0.0,0,0.0,0,0.0,0,80,90,330
511,0,dukuh,0,0.0,0,7.0,0,19.0,0,85,80,330
512,0,dukuh,0,0.0,0,34.0,0,34.0,0,75,80,330
513,0,dukuh,0,0.0,0,4.0,0,6.0,0,95,110,330
514,0,dukuh,0,0.0,0,0.0,0,6.0,0,80,80,330
515,0,dukuh,0,0.0,0,4.0,0,4.0,0,90,80,330
516,0,dukuh,0,0.0,0,1.0,0,14.0,0,80,80,330
517,0,dukuh,0,0.0,0,8.0,0,53.0,0,100,125,330
518,0,dukuh,0,0.0,0,39.0,0,94.0,0,100,100,330
519,0,dukuh,0,0.0,0,25.0,0,30.0,0,110,100,440
520,0,dukuh,0,0.0,0,15.0,0,67.0,0,90,90,330
521,0,dukuh,0,0.0,0,25.0,0,37.0,0,90,105,330
522,0,dukuh,0,0.0,0,44.0,0,159.0,0,105,105,330
523,0,dukuh,0,0.0,0,17.0,0,25.0,0,155,160,450
524,0,dukuh,0,0.0,0,0.0,0,22.0,0,90,100,330
525,0,dukuh,0,0.0,0,0.0,0,33.0,0,95,80,330
526,0,dukuh,0,0.0,0,0.0,0,2.5,0,80,70,330
527,0,dukuh,0,0.0,0,0.0,0,0.0,0,75,50,330
528,0,dukuh,1,14.0,0,12.0,0,13.0,1,110,70,370
529,0,dukuh,0,0.0,0,0.0,0,23.5,0,75,50,400
530,0,dukuh,0,0.0,0,33.5,0,80.0,0,90,100,330
531,0,dukuh,0,0.0,0,0.0,0,0.0,0,80,55,330
532,0,dukuh,1,4.0,0,0.0,0,68.5,1,90,90,330
533,0,dukuh,1,1.0,0,0.0,0,0.0,1,85,50,330
534,0,dukuh,0,0.0,0,0.0,0,0.0,0,90,60,330
535,0,duren sawit,0,0.0,0,4.0,0,4.0,0,90,80,330
536,0,duren sawit,0,0.0,0,1.0,0,14.0,0,80,80,330
537,0,duren sawit,0,0.0,0,8.0,0,53.0,0,100,125,330
538,0,duren sawit,0,0.0,0,39.0,0,94.0,0,100,100,330
539,0,duren sawit,0,0.0,0,25.0,0,30.0,0,110,100,440
540,0,duren sawit,0,0.0,0,15.0,0,67.0,0,90,90,330
541,0,duren sawit,0,0.0,0,25.0,0,37.0,0,90,105,330
542,0,duren sawit,0,0.0,0,44.0,0,159.0,0,105,105,330
543,0,duren sawit,0,0.0,0,17.0,0,25.0,0,155,160,450
544,0,duren sawit,0,0.0,0,0.0,0,22.0,0,90,100,330
545,0,duren sawit,0,0.0,0,0.0,0,33.0,0,95,80,330
546,0,duren sawit,0,0.0,0,0.0,0,2.5,0,80,70,330
547,0,duren sawit,0,0.0,0,0.0,0,0.0,0,75,50,330
548,0,duren sawit,1,14.0,0,12.0,0,13.0,1,110,70,370
549,0,duren sawit,0,0.0,0,0.0,0,23.5,0,75,50,400
550,0,duren sawit,0,0.0,0,33.5,0,80.0,0,90,100,330
551,0,duren sawit,0,0.0,0,0.0,0,0.0,0,80,55,330
552,0,duren sawit,1,4.0,0,0.0,0,68.5,1,90,90,330
553,0,duren sawit,1,1.0,0,0.0,0,0.0,1,85,50,330
554,0,duren sawit,0,0.0,0,0.0,0,0.0,0,90,60,330
555,0,gedong,0,0.0,0,4.0,0,4.0,0,90,80,330
556,0,gedong,0,0.0,0,1.0,0,14.0,0,80,80,330
557,0,gedong,0,0.0,0,8.0,0,53.0,0,100,125,330
558,0,gedong,0,0.0,0,39.0,0,94.0,0,100,100,330
559,0,gedong,0,0.0,0,25.0,0,30.0,0,110,100,440
560,0,gedong,0,0.0,0,15.0,0,67.0,0,90,90,330
561,0,gedong,0,0.0,0,25.0,0,37.0,0,90,105,330
562,0,gedong,0,0.0,0,44.0,0,159.0,0,105,105,330
563,0,gedong,0,0.0,0,17.0,0,25.0,0,155,160,450
564,0,gedong,0,0.0,0,0.0,0,22.0,0,90,100,330
565,0,gedong,0,0.0,0,0.0,0,33.0,0,95,80,330
566,0,gedong,0,0.0,0,0.0,0,2.5,0,80,70,330
567,0,gedong,0,0.0,0,0.0,0,0.0,0,75,50,330
568,0,gedong,1,14.0,0,12.0,0,13.0,1,110,70,370
569,0,gedong,0,0.0,0,0.0,0,23.5,0,75,50,400
570,0,gedong,0,0.0,0,33.5,0,80.0,0,90,100,330
571,0,gedong,0,0.0,0,0.0,0,0.0,0,80,55,330
572,0,gedong,1,4.0,0,0.0,0,68.5,1,90,90,330
573,0,gedong,1,1.0,0,0.0,0,0.0,1,85,50,330
574,0,gedong,0,0.0,0,0.0,0,0.0,0,90,60,330
575,0,halim perdana kusuma,0,0.0,0,0.0,0,33.0,0,95,80,330
576,0,halim perdana kusuma,0,0.0,0,0.0,0,2.5,0,80,70,330
577,0,halim perdana kusuma,0,0.0,0,0.0,0,0.0,0,75,50,330
578,0,halim perdana kusuma,1,14.0,0,12.0,0,13.0,1,110,70,370
579,0,halim perdana kusuma,0,0.0,0,0.0,0,23.5,0,75,50,400
580,0,halim perdana kusuma,0,0.0,0,33.5,0,80.0,0,90,100,330
581,0,halim perdana kusuma,0,0.0,0,0.0,0,0.0,0,80,55,330
582,0,halim perdana kusuma,1,4.0,0,0.0,0,68.5,1,90,90,330
583,0,halim perdana kusuma,1,1.0,0,0.0,0,0.0,1,85,50,330
584,0,halim perdana kusuma,0,0.0,0,0.0,0,0.0,0,90,60,330
585,0,jati,0,0.0,0,0.0,0,33.0,0,95,80,330
586,0,jati,0,0.0,0,0.0,0,2.5,0,80,70,330
587,0,jati,0,0.0,0,0.0,0,0.0,0,75,50,330
588,0,jati,1,14.0,0,12.0,0,13.0,1,110,70,370
589,0,jati,0,0.0,0,0.0,0,23.5,0,75,50,400
590,0,jati,0,0.0,0,33.5,0,80.0,0,90,100,330
591,0,jati,0,0.0,0,0.0,0,0.0,0,80,55,330
592,0,jati,1,4.0,0,0.0,0,68.5,1,90,90,330
593,0,jati,1,1.0,0,0.0,0,0.0,1,85,50,330
594,0,jati,0,0.0,0,0.0,0,0.0,0,90,60,330
595,0,jatinegara,0,0.0,0,4.0,0,4.0,0,90,80,330
596,0,jatinegara,0,0.0,0,1.0,0,14.0,0,80,80,330
597,0,jatinegara,0,0.0,0,8.0,0,53.0,0,100,125,330
598,0,jatinegara,0,0.0,0,39.0,0,94.0,0,100,100,330
599,0,jatinegara,0,0.0,0,25.0,0,30.0,0,110,100,440
600,0,jatinegara,0,0.0,0,15.0,0,67.0,0,90,90,330
601,0,jatinegara,0,0.0,0,25.0,0,37.0,0,90,105,330
602,0,jatinegara,0,0.0,0,44.0,0,159.0,0,105,105,330
603,0,jatinegara,0,0.0,0,17.0,0,25.0,0,155,160,450
604,0,jatinegara,0,0.0,0,0.0,0,22.0,0,90,100,330
605,0,jatinegara,0,0.0,0,0.0,0,33.0,0,95,80,330
606,0,jatinegara,0,0.0,0,0.0,0,2.5,0,80,70,330
607,0,jatinegara,0,0.0,0,0.0,0,0.0,0,75,50,330
608,0,jatinegara,1,14.0,0,12.0,0,13.0,1,110,70,370
609,0,jatinegara,0,0.0,0,0.0,0,23.5,0,75,50,400
610,0,jatinegara,0,0.0,0,33.5,0,80.0,0,90,100,330
611,0,jatinegara,0,0.0,0,0.0,0,0.0,0,80,55,330
612,0,jatinegara,1,4.0,0,0.0,0,68.5,1,90,90,330
613,0,jatinegara,1,1.0,0,0.0,0,0.0,1,85,50,330
614,0,jatinegara,0,0.0,0,0.0,0,0.0,0,90,60,330
615,0,kampung melayu,0,0.0,0,77.0,0,160.0,0,80,100,330
616,0,kampung melayu,0,0.0,0,17.0,0,79.0,0,80,100,330
617,0,kampung melayu,0,0.0,0,0.0,0,0.0,0,90,100,330
618,0,kampung melayu,0,0.0,0,0.0,0,10.0,0,75,80,330
619,0,kampung melayu,0,0.0,0,0.0,0,0.0,0,110,115,330
620,0,kampung melayu,0,0.0,0,0.0,0,0.0,0,80,90,330
621,0,kampung melayu,0,0.0,0,7.0,0,19.0,0,85,80,330
622,0,kampung melayu,0,0.0,0,34.0,0,34.0,0,75,80,330
623,0,kampung melayu,0,0.0,0,4.0,0,6.0,0,95,110,330
624,0,kampung melayu,0,0.0,0,0.0,0,6.0,0,80,80,330
625,0,kampung melayu,0,0.0,0,4.0,0,4.0,0,90,80,330
626,0,kampung melayu,0,0.0,0,1.0,0,14.0,0,80,80,330
627,0,kampung melayu,0,0.0,0,8.0,0,53.0,0,100,125,330
628,0,kampung melayu,0,0.0,0,39.0,0,94.0,0,100,100,330
629,0,kampung melayu,0,0.0,0,25.0,0,30.0,0,110,100,440
630,0,kampung melayu,0,0.0,0,15.0,0,67.0,0,90,90,330
631,0,kampung melayu,0,0.0,0,25.0,0,37.0,0,90,105,330
632,0,kampung melayu,0,0.0,0,44.0,0,159.0,0,105,105,330
633,0,kampung melayu,0,0.0,0,17.0,0,25.0,0,155,160,450
634,0,kampung melayu,0,0.0,0,0.0,0,22.0,0,90,100,330
635,0,kampung melayu,0,0.0,0,0.0,0,33.0,0,95,80,330
636,0,kampung melayu,0,0.0,0,0.0,0,2.5,0,80,70,330
637,0,kampung melayu,0,0.0,0,0.0,0,0.0,0,75,50,330
638,0,kampung melayu,1,14.0,0,12.0,0,13.0,1,110,70,370
639,0,kampung melayu,0,0.0,0,0.0,0,23.5,0,75,50,400
640,0,kampung melayu,0,0.0,0,33.5,0,80.0,0,90,100,330
641,0,kampung melayu,0,0.0,0,0.0,0,0.0,0,80,55,330
642,0,kampung melayu,1,4.0,0,0.0,0,68.5,1,90,90,330
643,0,kampung melayu,1,1.0,0,0.0,0,0.0,1,85,50,330
644,0,kampung melayu,0,0.0,0,0.0,0,0.0,0,90,60,330
645,0,kampung tengah,0,0.0,0,77.0,0,160.0,0,80,100,330
646,0,kampung tengah,0,0.0,0,17.0,0,79.0,0,80,100,330
647,0,kampung tengah,0,0.0,0,0.0,0,0.0,0,90,100,330
648,0,kampung tengah,0,0.0,0,0.0,0,10.0,0,75,80,330
649,0,kampung tengah,0,0.0,0,0.0,0,0.0,0,110,115,330
650,0,kampung tengah,0,0.0,0,0.0,0,0.0,0,80,90,330
651,0,kampung tengah,0,0.0,0,7.0,0,19.0,0,85,80,330
652,0,kampung tengah,0,0.0,0,34.0,0,34.0,0,75,80,330
653,0,kampung tengah,0,0.0,0,4.0,0,6.0,0,95,110,330
654,0,kampung tengah,0,0.0,0,0.0,0,6.0,0,80,80,330
655,0,kampung tengah,0,0.0,0,4.0,0,4.0,0,90,80,330
656,0,kampung tengah,0,0.0,0,1.0,0,14.0,0,80,80,330
657,0,kampung tengah,0,0.0,0,8.0,0,53.0,0,100,125,330
658,0,kampung tengah,0,0.0,0,39.0,0,94.0,0,100,100,330
659,0,kampung tengah,0,0.0,0,25.0,0,30.0,0,110,100,440
660,0,kampung tengah,0,0.0,0,15.0,0,67.0,0,90,90,330
661,0,kampung tengah,0,0.0,0,25.0,0,37.0,0,90,105,330
662,0,kampung tengah,0,0.0,0,44.0,0,159.0,0,105,105,330
663,0,kampung tengah,0,0.0,0,17.0,0,25.0,0,155,160,450
664,0,kampung tengah,0,0.0,0,0.0,0,22.0,0,90,100,330
665,0,kampung tengah,0,0.0,0,0.0,0,33.0,0,95,80,330
666,0,kampung tengah,0,0.0,0,0.0,0,2.5,0,80,70,330
667,0,kampung tengah,0,0.0,0,0.0,0,0.0,0,75,50,330
668,0,kampung tengah,1,14.0,0,12.0,0,13.0,1,110,70,370
669,0,kampung tengah,0,0.0,0,0.0,0,23.5,0,75,50,400
670,0,kampung tengah,0,0.0,0,33.5,0,80.0,0,90,100,330
671,0,kampung tengah,0,0.0,0,0.0,0,0.0,0,80,55,330
672,0,kampung tengah,1,4.0,0,0.0,0,68.5,1,90,90,330
673,0,kampung tengah,1,1.0,0,0.0,0,0.0,1,85,50,330
674,0,kampung tengah,0,0.0,0,0.0,0,0.0,0,90,60,330
675,0,kayu manis,0,0.0,0,4.0,0,4.0,0,90,80,330
676,0,kayu manis,0,0.0,0,1.0,0,14.0,0,80,80,330
677,0,kayu manis,0,0.0,0,8.0,0,53.0,0,100,125,330
678,0,kayu manis,0,0.0,0,39.0,0,94.0,0,100,100,330
679,0,kayu manis,0,0.0,0,25.0,0,30.0,0,110,100,440
680,0,kayu manis,0,0.0,0,15.0,0,67.0,0,90,90,330
681,0,kayu manis,0,0.0,0,25.0,0,37.0,0,90,105,330
682,0,kayu manis,0,0.0,0,44.0,0,159.0,0,105,105,330
683,0,kayu manis,0,0.0,0,17.0,0,25.0,0,155,160,450
684,0,kayu manis,0,0.0,0,0.0,0,22.0,0,90,100,330
685,0,kayu putih,0,0.0,0,0.0,0,33.0,0,95,80,330
686,0,kayu putih,0,0.0,0,0.0,0,2.5,0,80,70,330
687,0,kayu putih,0,0.0,0,0.0,0,0.0,0,75,50,330
688,0,kayu putih,1,14.0,0,12.0,0,13.0,1,110,70,370
689,0,kayu putih,0,0.0,0,0.0,0,23.5,0,75,50,400
690,0,kayu putih,0,0.0,0,33.5,0,80.0,0,90,100,330
691,0,kayu putih,0,0.0,0,0.0,0,0.0,0,80,55,330
692,0,kayu putih,1,4.0,0,0.0,0,68.5,1,90,90,330
693,0,kayu putih,1,1.0,0,0.0,0,0.0,1,85,50,330
694,0,kayu putih,0,0.0,0,0.0,0,0.0,0,90,60,330
695,0,kebon manggis,0,0.0,0,4.0,0,4.0,0,90,80,330
696,0,kebon manggis,0,0.0,0,1.0,0,14.0,0,80,80,330
697,0,kebon manggis,0,0.0,0,8.0,0,53.0,0,100,125,330
698,0,kebon manggis,0,0.0,0,39.0,0,94.0,0,100,100,330
699,0,kebon manggis,0,0.0,0,25.0,0,30.0,0,110,100,440
700,0,kebon manggis,0,0.0,0,15.0,0,67.0,0,90,90,330
701,0,kebon manggis,0,0.0,0,25.0,0,37.0,0,90,105,330
702,0,kebon manggis,0,0.0,0,44.0,0,159.0,0,105,105,330
703,0,kebon manggis,0,0.0,0,17.0,0,25.0,0,155,160,450
704,0,kebon manggis,0,0.0,0,0.0,0,22.0,0,90,100,330
705,0,kebon manggis,0,0.0,0,0.0,0,33.0,0,95,80,330
706,0,kebon manggis,0,0.0,0,0.0,0,2.5,0,80,70,330
707,0,kebon manggis,0,0.0,0,0.0,0,0.0,0,75,50,330
708,0,kebon manggis,1,14.0,0,12.0,0,13.0,1,110,70,370
709,0,kebon manggis,0,0.0,0,0.0,0,23.5,0,75,50,400
710,0,kebon manggis,0,0.0,0,33.5,0,80.0,0,90,100,330
711,0,kebon manggis,0,0.0,0,0.0,0,0.0,0,80,55,330
712,0,kebon manggis,1,4.0,0,0.0,0,68.5,1,90,90,330
713,0,kebon manggis,1,1.0,0,0.0,0,0.0,1,85,50,330
714,0,kebon manggis,0,0.0,0,0.0,0,0.0,0,90,60,330
715,0,kebon pala,0,0.0,0,4.0,0,4.0,0,90,80,330
716,0,kebon pala,0,0.0,0,1.0,0,14.0,0,80,80,330
717,0,kebon pala,0,0.0,0,8.0,0,53.0,0,100,125,330
718,0,kebon pala,0,0.0,0,39.0,0,94.0,0,100,100,330
719,0,kebon pala,0,0.0,0,25.0,0,30.0,0,110,100,440
720,0,kebon pala,0,0.0,0,15.0,0,67.0,0,90,90,330
721,0,kebon pala,0,0.0,0,25.0,0,37.0,0,90,105,330
722,0,kebon pala,0,0.0,0,44.0,0,159.0,0,105,105,330
723,0,kebon pala,0,0.0,0,17.0,0,25.0,0,155,160,450
724,0,kebon pala,0,0.0,0,0.0,0,22.0,0,90,100,330
725,0,kebon pala,0,0.0,0,0.0,0,33.0,0,95,80,330
726,0,kebon pala,0,0.0,0,0.0,0,2.5,0,80,70,330
727,0,kebon pala,0,0.0,0,0.0,0,0.0,0,75,50,330
728,0,kebon pala,1,14.0,0,12.0,0,13.0,1,110,70,370
729,0,kebon pala,0,0.0,0,0.0,0,23.5,0,75,50,400
730,0,kebon pala,0,0.0,0,33.5,0,80.0,0,90,100,330
731,0,kebon pala,0,0.0,0,0.0,0,0.0,0,80,55,330
732,0,kebon pala,1,4.0,0,0.0,0,68.5,1,90,90,330
733,0,kebon pala,1,1.0,0,0.0,0,0.0,1,85,50,330
734,0,kebon pala,0,0.0,0,0.0,0,0.0,0,90,60,330
735,0,klender,0,0.0,0,0.0,0,33.0,0,95,80,330
736,0,klender,0,0.0,0,0.0,0,2.5,0,80,70,330
737,0,klender,0,0.0,0,0.0,0,0.0,0,75,50,330
738,0,klender,1,14.0,0,12.0,0,13.0,1,110,70,370
739,0,klender,0,0.0,0,0.0,0,23.5,0,75,50,400
740,0,klender,0,0.0,0,33.5,0,80.0,0,90,100,330
741,0,klender,0,0.0,0,0.0,0,0.0,0,80,55,330
742,0,klender,1,4.0,0,0.0,0,68.5,1,90,90,330
743,0,klender,1,1.0,0,0.0,0,0.0,1,85,50,330
744,0,klender,0,0.0,0,0.0,0,0.0,0,90,60,330
745,0,kramatjati,0,0.0,0,4.0,0,4.0,0,90,80,330
746,0,kramatjati,0,0.0,0,1.0,0,14.0,0,80,80,330
747,0,kramatjati,0,0.0,0,8.0,0,53.0,0,100,125,330
748,0,kramatjati,0,0.0,0,39.0,0,94.0,0,100,100,330
749,0,kramatjati,0,0.0,0,25.0,0,30.0,0,110,100,440
750,0,kramatjati,0,0.0,0,15.0,0,67.0,0,90,90,330
751,0,kramatjati,0,0.0,0,25.0,0,37.0,0,90,105,330
752,0,kramatjati,0,0.0,0,44.0,0,159.0,0,105,105,330
753,0,kramatjati,0,0.0,0,17.0,0,25.0,0,155,160,450
754,0,kramatjati,0,0.0,0,0.0,0,22.0,0,90,100,330
755,0,lubang buaya,0,0.0,0,4.0,0,4.0,0,90,80,330
756,0,lubang buaya,0,0.0,0,1.0,0,14.0,0,80,80,330
757,0,lubang buaya,0,0.0,0,8.0,0,53.0,0,100,125,330
758,0,lubang buaya,0,0.0,0,39.0,0,94.0,0,100,100,330
759,0,lubang buaya,0,0.0,0,25.0,0,30.0,0,110,100,440
760,0,lubang buaya,0,0.0,0,15.0,0,67.0,0,90,90,330
761,0,lubang buaya,0,0.0,0,25.0,0,37.0,0,90,105,330
762,0,lubang buaya,0,0.0,0,44.0,0,159.0,0,105,105,330
763,0,lubang buaya,0,0.0,0,17.0,0,25.0,0,155,160,450
764,0,lubang buaya,0,0.0,0,0.0,0,22.0,0,90,100,330
765,0,lubang buaya,0,0.0,0,0.0,0,33.0,0,95,80,330
766,0,lubang buaya,0,0.0,0,0.0,0,2.5,0,80,70,330
767,0,lubang buaya,0,0.0,0,0.0,0,0.0,0,75,50,330
768,0,lubang buaya,1,14.0,0,12.0,0,13.0,1,110,70,370
769,0,lubang buaya,0,0.0,0,0.0,0,23.5,0,75,50,400
770,0,lubang buaya,0,0.0,0,33.5,0,80.0,0,90,100,330
771,0,lubang buaya,0,0.0,0,0.0,0,0.0,0,80,55,330
772,0,lubang buaya,1,4.0,0,0.0,0,68.5,1,90,90,330
773,0,lubang buaya,1,1.0,0,0.0,0,0.0,1,85,50,330
774,0,lubang buaya,0,0.0,0,0.0,0,0.0,0,90,60,330
775,0,makasar,0,0.0,0,4.0,0,4.0,0,90,80,330
776,0,makasar,0,0.0,0,1.0,0,14.0,0,80,80,330
777,0,makasar,0,0.0,0,8.0,0,53.0,0,100,125,330
778,0,makasar,0,0.0,0,39.0,0,94.0,0,100,100,330
779,0,makasar,0,0.0,0,25.0,0,30.0,0,110,100,440
780,0,makasar,0,0.0,0,15.0,0,67.0,0,90,90,330
781,0,makasar,0,0.0,0,25.0,0,37.0,0,90,105,330
782,0,makasar,0,0.0,0,44.0,0,159.0,0,105,105,330
783,0,makasar,0,0.0,0,17.0,0,25.0,0,155,160,450
784,0,makasar,0,0.0,0,0.0,0,22.0,0,90,100,330
785,0,makasar,0,0.0,0,0.0,0,33.0,0,95,80,330
786,0,makasar,0,0.0,0,0.0,0,2.5,0,80,70,330
787,0,makasar,0,0.0,0,0.0,0,0.0,0,75,50,330
788,0,makasar,1,14.0,0,12.0,0,13.0,1,110,70,370
789,0,makasar,0,0.0,0,0.0,0,23.5,0,75,50,400
790,0,makasar,0,0.0,0,33.5,0,80.0,0,90,100,330
791,0,makasar,0,0.0,0,0.0,0,0.0,0,80,55,330
792,0,makasar,1,4.0,0,0.0,0,68.5,1,90,90,330
793,0,makasar,1,1.0,0,0.0,0,0.0,1,85,50,330
794,0,makasar,0,0.0,0,0.0,0,0.0,0,90,60,330
795,0,malaka sari,0,0.0,0,4.0,0,4.0,0,90,80,330
796,0,malaka sari,0,0.0,0,1.0,0,14.0,0,80,80,330
797,0,malaka sari,0,0.0,0,8.0,0,53.0,0,100,125,330
798,0,malaka sari,0,0.0,0,39.0,0,94.0,0,100,100,330
799,0,malaka sari,0,0.0,0,25.0,0,30.0,0,110,100,440
800,0,malaka sari,0,0.0,0,15.0,0,67.0,0,90,90,330
801,0,malaka sari,0,0.0,0,25.0,0,37.0,0,90,105,330
802,0,malaka sari,0,0.0,0,44.0,0,159.0,0,105,105,330
803,0,malaka sari,0,0.0,0,17.0,0,25.0,0,155,160,450
804,0,malaka sari,0,0.0,0,0.0,0,22.0,0,90,100,330
805,0,pekayon,0,0.0,0,0.0,0,33.0,0,95,80,330
806,0,pekayon,0,0.0,0,0.0,0,2.5,0,80,70,330
807,0,pekayon,0,0.0,0,0.0,0,0.0,0,75,50,330
808,0,pekayon,1,14.0,0,12.0,0,13.0,1,110,70,370
809,0,pekayon,0,0.0,0,0.0,0,23.5,0,75,50,400
810,0,pekayon,0,0.0,0,33.5,0,80.0,0,90,100,330
811,0,pekayon,0,0.0,0,0.0,0,0.0,0,80,55,330
812,0,pekayon,1,4.0,0,0.0,0,68.5,1,90,90,330
813,0,pekayon,1,1.0,0,0.0,0,0.0,1,85,50,330
814,0,pekayon,0,0.0,0,0.0,0,0.0,0,90,60,330
815,0,penggilingan,0,0.0,0,0.0,0,33.0,0,95,80,330
816,0,penggilingan,0,0.0,0,0.0,0,2.5,0,80,70,330
817,0,penggilingan,0,0.0,0,0.0,0,0.0,0,75,50,330
818,0,penggilingan,1,14.0,0,12.0,0,13.0,1,110,70,370
819,0,penggilingan,0,0.0,0,0.0,0,23.5,0,75,50,400
820,0,penggilingan,0,0.0,0,33.5,0,80.0,0,90,100,330
821,0,penggilingan,0,0.0,0,0.0,0,0.0,0,80,55,330
822,0,penggilingan,1,4.0,0,0.0,0,68.5,1,90,90,330
823,0,penggilingan,1,1.0,0,0.0,0,0.0,1,85,50,330
824,0,penggilingan,0,0.0,0,0.0,0,0.0,0,90,60,330
825,0,pinangranti,0,0.0,0,0.0,0,33.0,0,95,80,330
826,0,pinangranti,0,0.0,0,0.0,0,2.5,0,80,70,330
827,0,pinangranti,0,0.0,0,0.0,0,0.0,0,75,50,330
828,0,pinangranti,1,14.0,0,12.0,0,13.0,1,110,70,370
829,0,pinangranti,0,0.0,0,0.0,0,23.5,0,75,50,400
830,0,pinangranti,0,0.0,0,33.5,0,80.0,0,90,100,330
831,0,pinangranti,0,0.0,0,0.0,0,0.0,0,80,55,330
832,0,pinangranti,1,4.0,0,0.0,0,68.5,1,90,90,330
833,0,pinangranti,1,1.0,0,0.0,0,0.0,1,85,50,330
834,0,pinangranti,0,0.0,0,0.0,0,0.0,0,90,60,330
835,0,pisangan baru,0,0.0,0,4.0,0,4.0,0,90,80,330
836,0,pisangan baru,0,0.0,0,1.0,0,14.0,0,80,80,330
837,0,pisangan baru,0,0.0,0,8.0,0,53.0,0,100,125,330
838,0,pisangan baru,0,0.0,0,39.0,0,94.0,0,100,100,330
839,0,pisangan baru,0,0.0,0,25.0,0,30.0,0,110,100,440
840,0,pisangan baru,0,0.0,0,15.0,0,67.0,0,90,90,330
841,0,pisangan baru,0,0.0,0,25.0,0,37.0,0,90,105,330
842,0,pisangan baru,0,0.0,0,44.0,0,159.0,0,105,105,330
843,0,pisangan baru,0,0.0,0,17.0,0,25.0,0,155,160,450
844,0,pisangan baru,0,0.0,0,0.0,0,22.0,0,90,100,330
845,0,pisangan baru,0,0.0,0,0.0,0,33.0,0,95,80,330
846,0,pisangan baru,0,0.0,0,0.0,0,2.5,0,80,70,330
847,0,pisangan baru,0,0.0,0,0.0,0,0.0,0,75,50,330
848,0,pisangan baru,1,14.0,0,12.0,0,13.0,1,110,70,370
849,0,pisangan baru,0,0.0,0,0.0,0,23.5,0,75,50,400
850,0,pisangan baru,0,0.0,0,33.5,0,80.0,0,90,100,330
851,0,pisangan baru,0,0.0,0,0.0,0,0.0,0,80,55,330
852,0,pisangan baru,1,4.0,0,0.0,0,68.5,1,90,90,330
853,0,pisangan baru,1,1.0,0,0.0,0,0.0,1,85,50,330
854,0,pisangan baru,0,0.0,0,0.0,0,0.0,0,90,60,330
855,0,pisangan timur,0,0.0,0,0.0,0,33.0,0,95,80,330
856,0,pisangan timur,0,0.0,0,0.0,0,2.5,0,80,70,330
857,0,pisangan timur,0,0.0,0,0.0,0,0.0,0,75,50,330
858,0,pisangan timur,1,14.0,0,12.0,0,13.0,1,110,70,370
859,0,pisangan timur,0,0.0,0,0.0,0,23.5,0,75,50,400
860,0,pisangan timur,0,0.0,0,33.5,0,80.0,0,90,100,330
861,0,pisangan timur,0,0.0,0,0.0,0,0.0,0,80,55,330
862,0,pisangan timur,1,4.0,0,0.0,0,68.5,1,90,90,330
863,0,pisangan timur,1,1.0,0,0.0,0,0.0,1,85,50,330
864,0,pisangan timur,0,0.0,0,0.0,0,0.0,0,90,60,330
865,0,pondok bambu,0,0.0,0,4.0,0,4.0,0,90,80,330
866,0,pondok bambu,0,0.0,0,1.0,0,14.0,0,80,80,330
867,0,pondok bambu,0,0.0,0,8.0,0,53.0,0,100,125,330
868,0,pondok bambu,0,0.0,0,39.0,0,94.0,0,100,100,330
869,0,pondok bambu,0,0.0,0,25.0,0,30.0,0,110,100,440
870,0,pondok bambu,0,0.0,0,15.0,0,67.0,0,90,90,330
871,0,pondok bambu,0,0.0,0,25.0,0,37.0,0,90,105,330
872,0,pondok bambu,0,0.0,0,44.0,0,159.0,0,105,105,330
873,0,pondok bambu,0,0.0,0,17.0,0,25.0,0,155,160,450
874,0,pondok bambu,0,0.0,0,0.0,0,22.0,0,90,100,330
875,0,pondok bambu,0,0.0,0,0.0,0,33.0,0,95,80,330
876,0,pondok bambu,0,0.0,0,0.0,0,2.5,0,80,70,330
877,0,pondok bambu,0,0.0,0,0.0,0,0.0,0,75,50,330
878,0,pondok bambu,1,14.0,0,12.0,0,13.0,1,110,70,370
879,0,pondok bambu,0,0.0,0,0.0,0,23.5,0,75,50,400
880,0,pondok bambu,0,0.0,0,33.5,0,80.0,0,90,100,330
881,0,pondok bambu,0,0.0,0,0.0,0,0.0,0,80,55,330
882,0,pondok bambu,1,4.0,0,0.0,0,68.5,1,90,90,330
883,0,pondok bambu,1,1.0,0,0.0,0,0.0,1,85,50,330
884,0,pondok bambu,0,0.0,0,0.0,0,0.0,0,90,60,330
885,0,pondok kelapa,0,0.0,0,4.0,0,4.0,0,90,80,330
886,0,pondok kelapa,0,0.0,0,1.0,0,14.0,0,80,80,330
887,0,pondok kelapa,0,0.0,0,8.0,0,53.0,0,100,125,330
888,0,pondok kelapa,0,0.0,0,39.0,0,94.0,0,100,100,330
889,0,pondok kelapa,0,0.0,0,25.0,0,30.0,0,110,100,440
890,0,pondok kelapa,0,0.0,0,15.0,0,67.0,0,90,90,330
891,0,pondok kelapa,0,0.0,0,25.0,0,37.0,0,90,105,330
892,0,pondok kelapa,0,0.0,0,44.0,0,159.0,0,105,105,330
893,0,pondok kelapa,0,0.0,0,17.0,0,25.0,0,155,160,450
894,0,pondok kelapa,0,0.0,0,0.0,0,22.0,0,90,100,330
895,0,pondok kelapa,0,0.0,0,0.0,0,33.0,0,95,80,330
896,0,pondok kelapa,0,0.0,0,0.0,0,2.5,0,80,70,330
897,0,pondok kelapa,0,0.0,0,0.0,0,0.0,0,75,50,330
898,0,pondok kelapa,1,14.0,0,12.0,0,13.0,1,110,70,370
899,0,pondok kelapa,0,0.0,0,0.0,0,23.5,0,75,50,400
900,0,pondok kelapa,0,0.0,0,33.5,0,80.0,0,90,100,330
901,0,pondok kelapa,0,0.0,0,0.0,0,0.0,0,80,55,330
902,0,pondok kelapa,1,4.0,0,0.0,0,68.5,1,90,90,330
903,0,pondok kelapa,1,1.0,0,0.0,0,0.0,1,85,50,330
904,0,pondok kelapa,0,0.0,0,0.0,0,0.0,0,90,60,330
905,0,pulo gadung,0,0.0,0,0.0,0,33.0,0,95,80,330
906,0,pulo gadung,0,0.0,0,0.0,0,2.5,0,80,70,330
907,0,pulo gadung,0,0.0,0,0.0,0,0.0,0,75,50,330
908,0,pulo gadung,1,14.0,0,12.0,0,13.0,1,110,70,370
909,0,pulo gadung,0,0.0,0,0.0,0,23.5,0,75,50,400
910,0,pulo gadung,0,0.0,0,33.5,0,80.0,0,90,100,330
911,0,pulo gadung,0,0.0,0,0.0,0,0.0,0,80,55,330
912,0,pulo gadung,1,4.0,0,0.0,0,68.5,1,90,90,330
913,0,pulo gadung,1,1.0,0,0.0,0,0.0,1,85,50,330
914,0,pulo gadung,0,0.0,0,0.0,0,0.0,0,90,60,330
915,0,rambutan,0,0.0,0,77.0,0,160.0,0,80,100,330
916,0,rambutan,0,0.0,0,17.0,0,79.0,0,80,100,330
917,0,rambutan,0,0.0,0,0.0,0,0.0,0,90,100,330
918,0,rambutan,0,0.0,0,0.0,0,10.0,0,75,80,330
919,0,rambutan,0,0.0,0,0.0,0,0.0,0,110,115,330
920,0,rambutan,0,0.0,0,0.0,0,0.0,0,80,90,330
921,0,rambutan,0,0.0,0,7.0,0,19.0,0,85,80,330
922,0,rambutan,0,0.0,0,34.0,0,34.0,0,75,80,330
923,0,rambutan,0,0.0,0,4.0,0,6.0,0,95,110,330
924,0,rambutan,0,0.0,0,0.0,0,6.0,0,80,80,330
925,0,rambutan,0,0.0,0,4.0,0,4.0,0,90,80,330
926,0,rambutan,0,0.0,0,1.0,0,14.0,0,80,80,330
927,0,rambutan,0,0.0,0,8.0,0,53.0,0,100,125,330
928,0,rambutan,0,0.0,0,39.0,0,94.0,0,100,100,330
929,0,rambutan,0,0.0,0,25.0,0,30.0,0,110,100,440
930,0,rambutan,0,0.0,0,15.0,0,67.0,0,90,90,330
931,0,rambutan,0,0.0,0,25.0,0,37.0,0,90,105,330
932,0,rambutan,0,0.0,0,44.0,0,159.0,0,105,105,330
933,0,rambutan,0,0.0,0,17.0,0,25.0,0,155,160,450
934,0,rambutan,0,0.0,0,0.0,0,22.0,0,90,100,330
935,0,rambutan,0,0.0,0,0.0,0,33.0,0,95,80,330
936,0,rambutan,0,0.0,0,0.0,0,2.5,0,80,70,330
937,0,rambutan,0,0.0,0,0.0,0,0.0,0,75,50,330
938,0,rambutan,1,14.0,0,12.0,0,13.0,1,110,70,370
939,0,rambutan,0,0.0,0,0.0,0,23.5,0,75,50,400
940,0,rambutan,0,0.0,0,33.5,0,80.0,0,90,100,330
941,0,rambutan,0,0.0,0,0.0,0,0.0,0,80,55,330
942,0,rambutan,1,4.0,0,0.0,0,68.5,1,90,90,330
943,0,rambutan,1,1.0,0,0.0,0,0.0,1,85,50,330
944,0,rambutan,0,0.0,0,0.0,0,0.0,0,90,60,330
945,0,rawa bunga,0,0.0,0,4.0,0,4.0,0,90,80,330
946,0,rawa bunga,0,0.0,0,1.0,0,14.0,0,80,80,330
947,0,rawa bunga,0,0.0,0,8.0,0,53.0,0,100,125,330
948,0,rawa bunga,0,0.0,0,39.0,0,94.0,0,100,100,330
949,0,rawa bunga,0,0.0,0,25.0,0,30.0,0,110,100,440
950,0,rawa bunga,0,0.0,0,15.0,0,67.0,0,90,90,330
951,0,rawa bunga,0,0.0,0,25.0,0,37.0,0,90,105,330
952,0,rawa bunga,0,0.0,0,44.0,0,159.0,0,105,105,330
953,0,rawa bunga,0,0.0,0,17.0,0,25.0,0,155,160,450
954,0,rawa bunga,0,0.0,0,0.0,0,22.0,0,90,100,330
955,0,rawa bunga,0,0.0,0,0.0,0,33.0,0,95,80,330
956,0,rawa bunga,0,0.0,0,0.0,0,2.5,0,80,70,330
957,0,rawa bunga,0,0.0,0,0.0,0,0.0,0,75,50,330
958,0,rawa bunga,1,14.0,0,12.0,0,13.0,1,110,70,370
959,0,rawa bunga,0,0.0,0,0.0,0,23.5,0,75,50,400
960,0,rawa bunga,0,0.0,0,33.5,0,80.0,0,90,100,330
961,0,rawa bunga,0,0.0,0,0.0,0,0.0,0,80,55,330
962,0,rawa bunga,1,4.0,0,0.0,0,68.5,1,90,90,330
963,0,rawa bunga,1,1.0,0,0.0,0,0.0,1,85,50,330
964,0,rawa bunga,0,0.0,0,0.0,0,0.0,0,90,60,330
965,0,rawa terate,0,0.0,0,0.0,0,33.0,0,95,80,330
966,0,rawa terate,0,0.0,0,0.0,0,2.5,0,80,70,330
967,0,rawa terate,0,0.0,0,0.0,0,0.0,0,75,50,330
968,0,rawa terate,1,14.0,0,12.0,0,13.0,1,110,70,370
969,0,rawa terate,0,0.0,0,0.0,0,23.5,0,75,50,400
970,0,rawa terate,0,0.0,0,33.5,0,80.0,0,90,100,330
971,0,rawa terate,0,0.0,0,0.0,0,0.0,0,80,55,330
972,0,rawa terate,1,4.0,0,0.0,0,68.5,1,90,90,330
973,0,rawa terate,1,1.0,0,0.0,0,0.0,1,85,50,330
974,0,rawa terate,0,0.0,0,0.0,0,0.0,0,90,60,330
975,0,rawamangun,0,0.0,0,0.0,0,33.0,0,95,80,330
976,0,rawamangun,0,0.0,0,0.0,0,2.5,0,80,70,330
977,0,rawamangun,0,0.0,0,0.0,0,0.0,0,75,50,330
978,0,rawamangun,1,14.0,0,12.0,0,13.0,1,110,70,370
979,0,rawamangun,0,0.0,0,0.0,0,23.5,0,75,50,400
980,0,rawamangun,0,0.0,0,33.5,0,80.0,0,90,100,330
981,0,rawamangun,0,0.0,0,0.0,0,0.0,0,80,55,330
982,0,rawamangun,1,4.0,0,0.0,0,68.5,1,90,90,330
983,0,rawamangun,1,1.0,0,0.0,0,0.0,1,85,50,330
984,0,rawamangun,0,0.0,0,0.0,0,0.0,0,90,60,330
985,0,susukan,0,0.0,0,0.0,0,33.0,0,95,80,330
986,0,susukan,0,0.0,0,0.0,0,2.5,0,80,70,330
987,0,susukan,0,0.0,0,0.0,0,0.0,0,75,50,330
988,0,susukan,1,14.0,0,12.0,0,13.0,1,110,70,370
989,0,susukan,0,0.0,0,0.0,0,23.5,0,75,50,400
990,0,susukan,0,0.0,0,33.5,0,80.0,0,90,100,330
991,0,susukan,0,0.0,0,0.0,0,0.0,0,80,55,330
992,0,susukan,1,4.0,0,0.0,0,68.5,1,90,90,330
993,0,susukan,1,1.0,0,0.0,0,0.0,1,85,50,330
994,0,susukan,0,0.0,0,0.0,0,0.0,0,90,60,330
995,0,utan kayu selatan,0,0.0,0,4.0,0,4.0,0,90,80,330
996,0,utan kayu selatan,0,0.0,0,1.0,0,14.0,0,80,80,330
997,0,utan kayu selatan,0,0.0,0,8.0,0,53.0,0,100,125,330
998,0,utan kayu selatan,0,0.0,0,39.0,0,94.0,0,100,100,330
999,0,utan kayu selatan,0,0.0,0,25.0,0,30.0,0,110,100,440
1000,0,utan kayu selatan,0,0.0,0,15.0,0,67.0,0,90,90,330
1001,0,utan kayu selatan,0,0.0,0,25.0,0,37.0,0,90,105,330
1002,0,utan kayu selatan,0,0.0,0,44.0,0,159.0,0,105,105,330
1003,0,utan kayu selatan,0,0.0,0,17.0,0,25.0,0,155,160,450
1004,0,utan kayu selatan,0,0.0,0,0.0,0,22.0,0,90,100,330
1005,0,utan kayu utara,0,0.0,0,0.0,0,33.0,0,95,80,330
1006,0,utan kayu utara,0,0.0,0,0.0,0,2.5,0,80,70,330
1007,0,utan kayu utara,0,0.0,0,0.0,0,0.0,0,75,50,330
1008,0,utan kayu utara,1,14.0,0,12.0,0,13.0,1,110,70,370
1009,0,utan kayu utara,0,0.0,0,0.0,0,23.5,0,75,50,400
1010,0,utan kayu utara,0,0.0,0,33.5,0,80.0,0,90,100,330
1011,0,utan kayu utara,0,0.0,0,0.0,0,0.0,0,80,55,330
1012,0,utan kayu utara,1,4.0,0,0.0,0,68.5,1,90,90,330
1013,0,utan kayu utara,1,1.0,0,0.0,0,0.0,1,85,50,330
1014,0,utan kayu utara,0,0.0,0,0.0,0,0.0,0,90,60,330
