Kejadian,KELURAHAN,RAIN_D-1,RAINFALL_D-1,RAIN_LAST3D,ARAINFALL_LAST3D,RAIN_LAST7D,RAINFALL_LAST7D,TEPS_OF_DAY,CIPINANG HULU,SUNTER HULU,PULO GADUNG
0,1,balekambang,0,0.0,0,0.0,0,0.0,0,160,250,450
1,1,balekambang,0,0.0,0,0.0,0,83.0,0,90,140,330
2,1,balekambang,0,0.0,0,2.0,0,2.0,0,75,90,330
3,1,balekambang,1,66.0,1,74.0,0,85.0,3,170,300,580
4,1,balekambang,1,41.0,1,87.0,0,154.0,2,160,175,620
5,1,balekambang,0,0.0,0,9.0,0,137.0,0,90,80,330
6,1,balekambang,0,0.0,0,0.0,0,20.0,0,80,60,330
7,1,balekambang,1,8.5,1,38.5,0,61.0,1,135,139,420
8,1,balekambang,0,0.0,1,83.0,0,96.0,0,90,75,400
9,1,balekambang,1,9.5,1,24.5,1,93.5,1,105,90,330
10,1,bambu apus,1,8.5,1,38.5,0,61.0,1,135,139,420
11,1,batu ampar,1,66.0,1,74.0,0,85.0,3,170,300,580
12,1,batu ampar,0,0.0,0,35.0,0,35.0,0,110,90,330
13,1,batu ampar,1,8.5,1,38.5,0,61.0,1,135,139,420
14,1,batu ampar,1,2.5,1,128.0,0,209.0,1,125,130,690
15,1,batu ampar,1,31.0,0,72.0,0,157.0,2,125,150,750
16,1,bidara cina,0,0.0,0,0.0,0,0.0,0,160,250,450
17,1,bidara cina,0,0.0,0,2.0,0,2.0,0,75,90,330
18,1,bidara cina,1,45.0,0,81.0,0,81.0,2,155,250,500
19,1,bidara cina,0,0.0,0,0.0,0,22.0,0,85,100,330
20,1,bidara cina,1,41.0,1,87.0,0,154.0,2,160,175,620
21,1,bidara cina,1,5.0,0,6.5,0,10.5,1,105,110,420
22,1,bidara cina,0,0.0,0,9.0,0,137.0,0,90,80,330
23,1,bidara cina,1,21.0,0,15.0,0,15.0,2,100,80,330
24,1,bidara cina,0,0.0,0,0.0,0,20.0,0,80,60,330
25,1,bidara cina,1,2.5,1,128.0,0,209.0,1,125,130,690
26,1,bidara cina,1,31.0,0,72.0,0,157.0,2,125,150,750
27,1,bidara cina,0,0.0,1,83.0,0,96.0,0,90,75,400
28,1,bidara cina,1,2.0,0,11.0,0,91.0,1,120,80,330
29,1,bidara cina,1,9.5,1,24.5,1,93.5,1,105,90,330
30,1,cakung timur,1,2.5,1,128.0,0,209.0,1,125,130,690
31,1,cakung timur,1,31.0,0,72.0,0,157.0,2,125,150,750
32,1,cawang,0,0.0,0,0.0,0,0.0,0,160,250,450
33,1,cawang,0,0.0,0,0.0,0,83.0,0,90,140,330
34,1,cawang,0,0.0,0,2.0,0,2.0,0,75,90,330
35,1,cawang,1,19.3,1,14.8,1,147.0,1,110,120,331
36,1,cawang,0,0.0,0,79.0,0,232.0,0,120,205,340
37,1,cawang,1,66.0,1,74.0,0,85.0,3,170,300,580
38,1,cawang,1,41.0,1,87.0,0,154.0,2,160,175,620
39,1,cawang,1,5.0,0,6.5,0,10.5,1,105,110,420
40,1,cawang,0,0.0,0,9.0,0,137.0,0,90,80,330
41,1,cawang,0,0.0,0,0.0,0,20.0,0,80,60,330
42,1,cawang,1,2.5,1,128.0,0,209.0,1,125,130,690
43,1,cawang,1,31.0,0,72.0,0,157.0,2,125,150,750
44,1,cawang,0,0.0,1,83.0,0,96.0,0,90,75,400
45,1,cawang,1,2.0,0,11.0,0,91.0,1,120,80,330
46,1,cawang,1,9.5,1,24.5,1,93.5,1,105,90,330
47,1,cililitan,0,0.0,0,0.0,0,83.0,0,90,140,330
48,1,cililitan,0,0.0,0,0.0,0,0.0,0,80,90,330
49,1,cililitan,0,0.0,0,2.0,0,2.0,0,75,90,330
50,1,cililitan,1,45.0,0,81.0,0,81.0,2,155,250,500
51,1,cililitan,0,0.0,0,79.0,0,232.0,0,120,205,340
52,1,cililitan,1,66.0,1,74.0,0,85.0,3,170,300,580
53,1,cililitan,1,66.0,1,74.0,0,85.0,3,170,300,580
54,1,cililitan,1,41.0,1,87.0,0,154.0,2,160,175,620
55,1,cililitan,1,5.0,0,6.5,0,10.5,1,105,110,420
56,1,cililitan,0,0.0,0,9.0,0,137.0,0,90,80,330
57,1,cililitan,0,0.0,0,0.0,0,20.0,0,80,60,330
58,1,cililitan,1,2.5,1,128.0,0,209.0,1,125,130,690
59,1,cililitan,1,31.0,0,72.0,0,157.0,2,125,150,750
60,1,cililitan,0,0.0,1,83.0,0,96.0,0,90,75,400
61,1,cililitan,1,9.5,1,24.5,1,93.5,1,105,90,330
62,1,cipayung,0,0.0,0,5.0,0,25.0,0,90,105,330
63,1,cipayung,1,66.0,1,74.0,0,85.0,3,170,300,580
64,1,cipayung,1,50.0,1,26.0,0,53.0,0,165,230,660
65,1,cipayung,1,2.0,0,11.0,0,91.0,1,120,80,330
66,1,cipinang,1,9.5,1,24.5,1,93.5,1,105,90,330
67,1,cipinang cempedak,0,0.0,0,0.0,0,22.0,0,85,100,330
68,1,cipinang cempedak,1,2.5,1,128.0,0,209.0,1,125,130,690
69,1,cipinang cempedak,1,31.0,0,72.0,0,157.0,2,125,150,750
70,1,cipinang melayu,1,6.0,0,8.0,0,37.0,1,75,90,330
71,1,cipinang melayu,1,49.9,1,126.0,0,126.0,3,135,190,331
72,1,cipinang melayu,1,66.0,1,74.0,0,85.0,3,170,300,580
73,1,cipinang melayu,1,50.0,1,26.0,0,53.0,0,165,230,660
74,1,cipinang melayu,1,41.0,1,87.0,0,154.0,2,160,175,620
75,1,cipinang melayu,1,8.5,1,38.5,0,61.0,1,135,139,420
76,1,cipinang melayu,1,2.5,1,128.0,0,209.0,1,125,130,690
77,1,cipinang melayu,1,31.0,0,72.0,0,157.0,2,125,150,750
78,1,cipinang melayu,1,2.0,0,11.0,0,91.0,1,120,80,330
79,1,cipinang melayu,1,9.5,1,24.5,1,93.5,1,105,90,330
80,1,cipinang melayu,1,39.8,1,26.3,1,101.8,2,115,200,735
81,1,cipinang muara,1,6.0,0,8.0,0,37.0,1,75,90,330
82,1,cipinang muara,1,49.9,1,126.0,0,126.0,3,135,190,331
83,1,cipinang muara,0,0.0,0,0.0,0,22.0,0,85,100,330
84,1,cipinang muara,1,66.0,1,74.0,0,85.0,3,170,300,580
85,1,cipinang muara,1,41.0,1,87.0,0,154.0,2,160,175,620
86,1,ciracas,0,0.0,0,5.0,0,25.0,0,90,105,330
87,1,ciracas,1,66.0,1,74.0,0,85.0,3,170,300,580
88,1,ciracas,1,8.5,1,38.5,0,61.0,1,135,139,420
89,1,dukuh,0,0.0,0,0.0,0,83.0,0,90,140,330
90,1,dukuh,1,66.0,1,74.0,0,85.0,3,170,300,580
91,1,dukuh,1,39.8,1,26.3,1,101.8,2,115,200,735
92,1,duren sawit,1,66.0,1,74.0,0,85.0,3,170,300,580
93,1,duren sawit,1,66.0,1,74.0,0,85.0,3,170,300,580
94,1,duren sawit,1,50.0,1,26.0,0,53.0,0,165,230,660
95,1,duren sawit,1,2.0,0,0.0,0,136.5,1,100,100,330
96,1,duren sawit,1,2.5,1,128.0,0,209.0,1,125,130,690
97,1,duren sawit,1,31.0,0,72.0,0,157.0,2,125,150,750
98,1,duren sawit,1,2.0,0,11.0,0,91.0,1,120,80,330
99,1,gedong,1,66.0,1,74.0,0,85.0,3,170,300,580
100,1,gedong,1,5.0,0,6.5,0,10.5,1,105,110,420
101,1,gedong,1,39.8,1,26.3,1,101.8,2,115,200,735
102,1,halim perdana kusuma,1,39.8,1,26.3,1,101.8,2,115,200,735
103,1,jati,1,9.5,1,24.5,1,93.5,1,105,90,330
104,1,jatinegara,0,0.0,0,5.0,0,25.0,0,90,105,330
105,1,jatinegara,1,66.0,1,74.0,0,85.0,3,170,300,580
106,1,jatinegara,1,50.0,1,26.0,0,53.0,0,165,230,660
107,1,jatinegara,1,50.0,1,26.0,0,53.0,0,165,230,660
108,1,jatinegara,1,47.0,1,103.0,0,182.0,2,175,260,500
109,1,jatinegara,1,41.0,1,87.0,0,154.0,2,160,175,620
110,1,jatinegara,1,2.5,1,128.0,0,209.0,1,125,130,690
111,1,jatinegara,1,31.0,0,72.0,0,157.0,2,125,150,750
112,1,jatinegara,1,2.0,0,11.0,0,91.0,1,120,80,330
113,1,jatinegara,1,9.5,1,24.5,1,93.5,1,105,90,330
114,1,kampung melayu,0,0.0,0,0.0,0,0.0,0,160,250,450
115,1,kampung melayu,0,0.0,0,2.0,0,2.0,0,75,90,330
116,1,kampung melayu,1,45.0,0,81.0,0,81.0,2,155,250,500
117,1,kampung melayu,1,19.3,1,14.8,1,147.0,1,110,120,331
118,1,kampung melayu,1,49.9,1,126.0,0,126.0,3,135,190,331
119,1,kampung melayu,0,0.0,0,79.0,0,232.0,0,120,205,340
120,1,kampung melayu,0,0.0,0,0.0,0,22.0,0,85,100,330
121,1,kampung melayu,1,66.0,1,74.0,0,85.0,3,170,300,580
122,1,kampung melayu,1,41.0,1,87.0,0,154.0,2,160,175,620
123,1,kampung melayu,1,5.0,0,6.5,0,10.5,1,105,110,420
124,1,kampung melayu,1,2.0,0,0.0,0,136.5,1,100,100,330
125,1,kampung melayu,0,0.0,0,9.0,0,137.0,0,90,80,330
126,1,kampung melayu,0,0.0,0,0.0,0,20.0,0,80,60,330
127,1,kampung melayu,1,19.0,1,9.5,0,12.0,1,100,80,420
128,1,kampung melayu,1,2.5,1,128.0,0,209.0,1,125,130,690
129,1,kampung melayu,1,31.0,0,72.0,0,157.0,2,125,150,750
130,1,kampung melayu,0,0.0,1,83.0,0,96.0,0,90,75,400
131,1,kampung melayu,0,0.0,1,83.0,0,96.0,0,90,75,400
132,1,kampung melayu,1,2.0,0,11.0,0,91.0,1,120,80,330
133,1,kampung melayu,1,9.5,1,24.5,1,93.5,1,105,90,330
134,1,kampung melayu,1,9.5,1,24.5,1,93.5,1,105,90,330
135,1,kampung melayu,1,39.8,1,26.3,1,101.8,2,115,200,735
136,1,kampung tengah,0,0.0,0,0.0,0,83.0,0,90,140,330
137,1,kampung tengah,1,66.0,1,74.0,0,85.0,3,170,300,580
138,1,kampung tengah,0,0.0,0,35.0,0,35.0,0,110,90,330
139,1,kampung tengah,1,39.8,1,26.3,1,101.8,2,115,200,735
140,1,kayu manis,1,66.0,1,74.0,0,85.0,3,170,300,580
141,1,kayu manis,1,50.0,1,26.0,0,53.0,0,165,230,660
142,1,kayu manis,1,47.0,1,103.0,0,182.0,2,175,260,500
143,1,kayu putih,1,2.5,1,128.0,0,209.0,1,125,130,690
144,1,kayu putih,1,31.0,0,72.0,0,157.0,2,125,150,750
145,1,kayu putih,1,9.5,1,24.5,1,93.5,1,105,90,330
146,1,kebon manggis,1,66.0,1,74.0,0,85.0,3,170,300,580
147,1,kebon manggis,1,41.0,1,87.0,0,154.0,2,160,175,620
148,1,kebon manggis,0,0.0,0,0.0,0,20.0,0,80,60,330
149,1,kebon manggis,1,9.5,1,24.5,1,93.5,1,105,90,330
150,1,kebon pala,1,66.0,1,74.0,0,85.0,3,170,300,580
151,1,kebon pala,1,14.0,0,14.0,0,67.0,1,100,60,380
152,1,kebon pala,1,2.5,1,128.0,0,209.0,1,125,130,690
153,1,kebon pala,1,31.0,0,72.0,0,157.0,2,125,150,750
154,1,kebon pala,0,0.0,1,83.0,0,96.0,0,90,75,400
155,1,kebon pala,1,2.0,0,11.0,0,91.0,1,120,80,330
156,1,kebon pala,1,9.5,1,24.5,1,93.5,1,105,90,330
157,1,klender,1,2.5,1,128.0,0,209.0,1,125,130,690
158,1,klender,1,31.0,0,72.0,0,157.0,2,125,150,750
159,1,klender,1,2.0,0,11.0,0,91.0,1,120,80,330
160,1,kramatjati,1,66.0,1,74.0,0,85.0,3,170,300,580
161,1,kramatjati,1,50.0,1,26.0,0,53.0,0,165,230,660
162,1,kramatjati,1,47.0,1,103.0,0,182.0,2,175,260,500
163,1,kramatjati,1,41.0,1,87.0,0,154.0,2,160,175,620
164,1,lubang buaya,1,49.9,1,126.0,0,126.0,3,135,190,331
165,1,lubang buaya,1,66.0,1,74.0,0,85.0,3,170,300,580
166,1,lubang buaya,1,8.5,1,38.5,0,61.0,1,135,139,420
167,1,lubang buaya,1,2.0,0,11.0,0,91.0,1,120,80,330
168,1,makasar,1,66.0,1,74.0,0,85.0,3,170,300,580
169,1,makasar,1,8.5,1,38.5,0,61.0,1,135,139,420
170,1,makasar,1,2.5,1,128.0,0,209.0,1,125,130,690
171,1,makasar,1,31.0,0,72.0,0,157.0,2,125,150,750
172,1,makasar,1,39.8,1,26.3,1,101.8,2,115,200,735
173,1,malaka sari,1,66.0,1,74.0,0,85.0,3,170,300,580
174,1,malaka sari,0,0.0,0,46.0,0,57.0,0,90,85,330
175,1,pekayon,1,2.0,0,11.0,0,91.0,1,120,80,330
176,1,penggilingan,1,2.5,1,128.0,0,209.0,1,125,130,690
177,1,penggilingan,1,31.0,0,72.0,0,157.0,2,125,150,750
178,1,penggilingan,1,2.0,0,11.0,0,91.0,1,120,80,330
179,1,penggilingan,1,9.5,1,24.5,1,93.5,1,105,90,330
180,1,pinangranti,1,8.5,1,38.5,0,61.0,1,135,139,420
181,1,pinangranti,1,2.5,1,128.0,0,209.0,1,125,130,690
182,1,pinangranti,1,31.0,0,72.0,0,157.0,2,125,150,750
183,1,pinangranti,1,39.8,1,26.3,1,101.8,2,115,200,735
184,1,pisangan baru,1,66.0,1,74.0,0,85.0,3,170,300,580
185,1,pisangan baru,1,2.5,1,128.0,0,209.0,1,125,130,690
186,1,pisangan baru,1,31.0,0,72.0,0,157.0,2,125,150,750
187,1,pisangan timur,1,2.5,1,128.0,0,209.0,1,125,130,690
188,1,pisangan timur,1,31.0,0,72.0,0,157.0,2,125,150,750
189,1,pondok bambu,1,66.0,1,74.0,0,85.0,3,170,300,580
190,1,pondok bambu,1,2.0,0,0.0,0,136.5,1,100,100,330
191,1,pondok bambu,1,2.5,1,128.0,0,209.0,1,125,130,690
192,1,pondok bambu,1,31.0,0,72.0,0,157.0,2,125,150,750
193,1,pondok kelapa,1,66.0,1,74.0,0,85.0,3,170,300,580
194,1,pondok kelapa,0,0.0,0,46.0,0,57.0,0,90,85,330
195,1,pondok kelapa,1,2.0,0,11.0,0,91.0,1,120,80,330
196,1,pondok kelapa,1,9.5,1,24.5,1,93.5,1,105,90,330
197,1,pondok kelapa,1,39.8,1,26.3,1,101.8,2,115,200,735
198,1,pulo gadung,1,2.5,1,128.0,0,209.0,1,125,130,690
199,1,pulo gadung,1,31.0,0,72.0,0,157.0,2,125,150,750
200,1,pulo gadung,1,2.0,0,11.0,0,91.0,1,120,80,330
201,1,pulo gadung,1,2.0,0,11.0,0,91.0,1,120,80,330
202,1,pulo gadung,1,9.5,1,24.5,1,93.5,1,105,90,330
203,1,pulo gadung,1,39.8,1,26.3,1,101.8,2,115,200,735
204,1,rambutan,0,0.0,0,0.0,0,83.0,0,90,140,330
205,1,rambutan,1,49.9,1,126.0,0,126.0,3,135,190,331
206,1,rambutan,1,6.5,0,4.0,0,4.0,1,75,215,360
207,1,rambutan,0,0.0,0,35.0,0,35.0,0,110,90,330
208,1,rambutan,1,8.5,1,38.5,0,61.0,1,135,139,420
209,1,rambutan,1,2.0,0,11.0,0,91.0,1,120,80,330
210,1,rawa bunga,0,0.0,0,0.0,0,22.0,0,85,100,330
211,1,rawa bunga,1,2.5,1,128.0,0,209.0,1,125,130,690
212,1,rawa bunga,1,31.0,0,72.0,0,157.0,2,125,150,750
213,1,rawa bunga,1,9.5,1,24.5,1,93.5,1,105,90,330
214,1,rawa terate,1,2.5,1,128.0,0,209.0,1,125,130,690
215,1,rawa terate,1,31.0,0,72.0,0,157.0,2,125,150,750
216,1,rawa terate,1,9.5,1,24.5,1,93.5,1,105,90,330
217,1,rawamangun,1,2.5,1,128.0,0,209.0,1,125,130,690
218,1,rawamangun,1,31.0,0,72.0,0,157.0,2,125,150,750
219,1,susukan,1,2.0,0,0.0,0,136.5,1,100,100,330
220,1,susukan,0,0.0,0,9.0,0,137.0,0,90,80,330
221,1,susukan,1,39.8,1,26.3,1,101.8,2,115,200,735
222,1,utan kayu selatan,1,66.0,1,74.0,0,85.0,3,170,300,580
223,1,utan kayu utara,1,2.5,1,128.0,0,209.0,1,125,130,690
224,1,utan kayu utara,1,31.0,0,72.0,0,157.0,2,125,150,750
225,0,balekambang,0,0.0,0,77.0,0,160.0,0,80,100,330
226,0,balekambang,0,0.0,0,17.0,0,79.0,0,80,100,330
227,0,balekambang,0,0.0,0,0.0,0,0.0,0,90,100,330
228,0,balekambang,0,0.0,0,0.0,0,10.0,0,75,80,330
229,0,balekambang,0,0.0,0,0.0,0,0.0,0,110,115,330
230,0,balekambang,0,0.0,0,0.0,0,0.0,0,80,90,330
231,0,balekambang,0,0.0,0,7.0,0,19.0,0,85,80,330
232,0,balekambang,0,0.0,0,34.0,0,34.0,0,75,80,330
233,0,balekambang,0,0.0,0,4.0,0,6.0,0,95,110,330
234,0,balekambang,0,0.0,0,0.0,0,6.0,0,80,80,330
235,0,balekambang,0,0.0,0,4.0,0,4.0,0,90,80,330
236,0,balekambang,0,0.0,0,1.0,0,14.0,0,80,80,330
237,0,balekambang,0,0.0,0,8.0,0,53.0,0,100,125,330
238,0,balekambang,0,0.0,0,39.0,0,94.0,0,100,100,330
239,0,balekambang,0,0.0,0,25.0,0,30.0,0,110,100,440
240,0,balekambang,0,0.0,0,15.0,0,67.0,0,90,90,330
241,0,balekambang,0,0.0,0,25.0,0,37.0,0,90,105,330
242,0,balekambang,0,0.0,0,44.0,0,159.0,0,105,105,330
243,0,balekambang,0,0.0,0,17.0,0,25.0,0,155,160,450
244,0,balekambang,0,0.0,0,0.0,0,22.0,0,90,100,330
245,0,balekambang,0,0.0,0,0.0,0,33.0,0,95,80,330
246,0,balekambang,0,0.0,0,0.0,0,2.5,0,80,70,330
247,0,balekambang,0,0.0,0,0.0,0,0.0,0,75,50,330
248,0,balekambang,1,14.0,0,12.0,0,13.0,1,110,70,370
249,0,balekambang,0,0.0,0,0.0,0,23.5,0,75,50,400
250,0,balekambang,0,0.0,0,33.5,0,80.0,0,90,100,330
251,0,balekambang,0,0.0,0,0.0,0,0.0,0,80,55,330
252,0,balekambang,1,4.0,0,0.0,0,68.5,1,90,90,330
253,0,balekambang,1,1.0,0,0.0,0,0.0,1,85,50,330
254,0,balekambang,0,0.0,0,0.0,0,0.0,0,90,60,330
255,0,bambu apus,0,0.0,0,0.0,0,33.0,0,95,80,330
256,0,bambu apus,0,0.0,0,0.0,0,2.5,0,80,70,330
257,0,bambu apus,0,0.0,0,0.0,0,0.0,0,75,50,330
258,0,bambu apus,1,14.0,0,12.0,0,13.0,1,110,70,370
259,0,bambu apus,0,0.0,0,0.0,0,23.5,0,75,50,400
260,0,bambu apus,0,0.0,0,33.5,0,80.0,0,90,100,330
261,0,bambu apus,0,0.0,0,0.0,0,0.0,0,80,55,330
262,0,bambu apus,1,4.0,0,0.0,0,68.5,1,90,90,330
263,0,bambu apus,1,1.0,0,0.0,0,0.0,1,85,50,330
264,0,bambu apus,0,0.0,0,0.0,0,0.0,0,90,60,330
265,0,batu ampar,0,0.0,0,4.0,0,4.0,0,90,80,330
266,0,batu ampar,0,0.0,0,1.0,0,14.0,0,80,80,330
267,0,batu ampar,0,0.0,0,8.0,0,53.0,0,100,125,330
268,0,batu ampar,0,0.0,0,39.0,0,94.0,0,100,100,330
269,0,batu ampar,0,0.0,0,25.0,0,30.0,0,110,100,440
270,0,batu ampar,0,0.0,0,15.0,0,67.0,0,90,90,330
271,0,batu ampar,0,0.0,0,25.0,0,37.0,0,90,105,330
272,0,batu ampar,0,0.0,0,44.0,0,159.0,0,105,105,330
273,0,batu ampar,0,0.0,0,17.0,0,25.0,0,155,160,450
274,0,batu ampar,0,0.0,0,0.0,0,22.0,0,90,100,330
275,0,batu ampar,0,0.0,0,0.0,0,33.0,0,95,80,330
276,0,batu ampar,0,0.0,0,0.0,0,2.5,0,80,70,330
277,0,batu ampar,0,0.0,0,0.0,0,0.0,0,75,50,330
278,0,batu ampar,1,14.0,0,12.0,0,13.0,1,110,70,370
279,0,batu ampar,0,0.0,0,0.0,0,23.5,0,75,50,400
280,0,batu ampar,0,0.0,0,33.5,0,80.0,0,90,100,330
281,0,batu ampar,0,0.0,0,0.0,0,0.0,0,80,55,330
282,0,batu ampar,1,4.0,0,0.0,0,68.5,1,90,90,330
283,0,batu ampar,1,1.0,0,0.0,0,0.0,1,85,50,330
284,0,batu ampar,0,0.0,0,0.0,0,0.0,0,90,60,330
285,0,bidara cina,0,0.0,0,77.0,0,160.0,0,80,100,330
286,0,bidara cina,0,0.0,0,17.0,0,79.0,0,80,100,330
287,0,bidara cina,0,0.0,0,0.0,0,0.0,0,90,100,330
288,0,bidara cina,0,0.0,0,0.0,0,10.0,0,75,80,330
289,0,bidara cina,0,0.0,0,0.0,0,0.0,0,110,115,330
290,0,bidara cina,0,0.0,0,0.0,0,0.0,0,80,90,330
291,0,bidara cina,0,0.0,0,7.0,0,19.0,0,85,80,330
292,0,bidara cina,0,0.0,0,34.0,0,34.0,0,75,80,330
293,0,bidara cina,0,0.0,0,4.0,0,6.0,0,95,110,330
294,0,bidara cina,0,0.0,0,0.0,0,6.0,0,80,80,330
295,0,bidara cina,0,0.0,0,4.0,0,4.0,0,90,80,330
296,0,bidara cina,0,0.0,0,1.0,0,14.0,0,80,80,330
297,0,bidara cina,0,0.0,0,8.0,0,53.0,0,100,125,330
298,0,bidara cina,0,0.0,0,39.0,0,94.0,0,100,100,330
299,0,bidara cina,0,0.0,0,25.0,0,30.0,0,110,100,440
300,0,bidara cina,0,0.0,0,15.0,0,67.0,0,90,90,330
301,0,bidara cina,0,0.0,0,25.0,0,37.0,0,90,105,330
302,0,bidara cina,0,0.0,0,44.0,0,159.0,0,105,105,330
303,0,bidara cina,0,0.0,0,17.0,0,25.0,0,155,160,450
304,0,bidara cina,0,0.0,0,0.0,0,22.0,0,90,100,330
305,0,bidara cina,0,0.0,0,0.0,0,33.0,0,95,80,330
306,0,bidara cina,0,0.0,0,0.0,0,2.5,0,80,70,330
307,0,bidara cina,0,0.0,0,0.0,0,0.0,0,75,50,330
308,0,bidara cina,1,14.0,0,12.0,0,13.0,1,110,70,370
309,0,bidara cina,0,0.0,0,0.0,0,23.5,0,75,50,400
310,0,bidara cina,0,0.0,0,33.5,0,80.0,0,90,100,330
311,0,bidara cina,0,0.0,0,0.0,0,0.0,0,80,55,330
312,0,bidara cina,1,4.0,0,0.0,0,68.5,1,90,90,330
313,0,bidara cina,1,1.0,0,0.0,0,0.0,1,85,50,330
314,0,bidara cina,0,0.0,0,0.0,0,0.0,0,90,60,330
315,0,cakung timur,0,0.0,0,0.0,0,33.0,0,95,80,330
316,0,cakung timur,0,0.0,0,0.0,0,2.5,0,80,70,330
317,0,cakung timur,0,0.0,0,0.0,0,0.0,0,75,50,330
318,0,cakung timur,1,14.0,0,12.0,0,13.0,1,110,70,370
319,0,cakung timur,0,0.0,0,0.0,0,23.5,0,75,50,400
320,0,cakung timur,0,0.0,0,33.5,0,80.0,0,90,100,330
321,0,cakung timur,0,0.0,0,0.0,0,0.0,0,80,55,330
322,0,cakung timur,1,4.0,0,0.0,0,68.5,1,90,90,330
323,0,cakung timur,1,1.0,0,0.0,0,0.0,1,85,50,330
324,0,cakung timur,0,0.0,0,0.0,0,0.0,0,90,60,330
325,0,cawang,0,0.0,0,77.0,0,160.0,0,80,100,330
326,0,cawang,0,0.0,0,17.0,0,79.0,0,80,100,330
327,0,cawang,0,0.0,0,0.0,0,0.0,0,90,100,330
328,0,cawang,0,0.0,0,0.0,0,10.0,0,75,80,330
329,0,cawang,0,0.0,0,0.0,0,0.0,0,110,115,330
330,0,cawang,0,0.0,0,0.0,0,0.0,0,80,90,330
331,0,cawang,0,0.0,0,7.0,0,19.0,0,85,80,330
332,0,cawang,0,0.0,0,34.0,0,34.0,0,75,80,330
333,0,cawang,0,0.0,0,4.0,0,6.0,0,95,110,330
334,0,cawang,0,0.0,0,0.0,0,6.0,0,80,80,330
335,0,cawang,0,0.0,0,4.0,0,4.0,0,90,80,330
336,0,cawang,0,0.0,0,1.0,0,14.0,0,80,80,330
337,0,cawang,0,0.0,0,8.0,0,53.0,0,100,125,330
338,0,cawang,0,0.0,0,39.0,0,94.0,0,100,100,330
339,0,cawang,0,0.0,0,25.0,0,30.0,0,110,100,440
340,0,cawang,0,0.0,0,15.0,0,67.0,0,90,90,330
341,0,cawang,0,0.0,0,25.0,0,37.0,0,90,105,330
342,0,cawang,0,0.0,0,44.0,0,159.0,0,105,105,330
343,0,cawang,0,0.0,0,17.0,0,25.0,0,155,160,450
344,0,cawang,0,0.0,0,0.0,0,22.0,0,90,100,330
345,0,cawang,0,0.0,0,0.0,0,33.0,0,95,80,330
346,0,cawang,0,0.0,0,0.0,0,2.5,0,80,70,330
347,0,cawang,0,0.0,0,0.0,0,0.0,0,75,50,330
348,0,cawang,1,14.0,0,12.0,0,13.0,1,110,70,370
349,0,cawang,0,0.0,0,0.0,0,23.5,0,75,50,400
350,0,cawang,0,0.0,0,33.5,0,80.0,0,90,100,330
351,0,cawang,0,0.0,0,0.0,0,0.0,0,80,55,330
352,0,cawang,1,4.0,0,0.0,0,68.5,1,90,90,330
353,0,cawang,1,1.0,0,0.0,0,0.0,1,85,50,330
354,0,cawang,0,0.0,0,0.0,0,0.0,0,90,60,330
355,0,cililitan,0,0.0,0,77.0,0,160.0,0,80,100,330
356,0,cililitan,0,0.0,0,17.0,0,79.0,0,80,100,330
357,0,cililitan,0,0.0,0,0.0,0,0.0,0,90,100,330
358,0,cililitan,0,0.0,0,0.0,0,10.0,0,75,80,330
359,0,cililitan,0,0.0,0,0.0,0,0.0,0,110,115,330
360,0,cililitan,0,0.0,0,0.0,0,0.0,0,80,90,330
361,0,cililitan,0,0.0,0,7.0,0,19.0,0,85,80,330
362,0,cililitan,0,0.0,0,34.0,0,34.0,0,75,80,330
363,0,cililitan,0,0.0,0,4.0,0,6.0,0,95,110,330
364,0,cililitan,0,0.0,0,0.0,0,6.0,0,80,80,330
365,0,cililitan,0,0.0,0,4.0,0,4.0,0,90,80,330
366,0,cililitan,0,0.0,0,1.0,0,14.0,0,80,80,330
367,0,cililitan,0,0.0,0,8.0,0,53.0,0,100,125,330
368,0,cililitan,0,0.0,0,39.0,0,94.0,0,100,100,330
369,0,cililitan,0,0.0,0,25.0,0,30.0,0,110,100,440
370,0,cililitan,0,0.0,0,15.0,0,67.0,0,90,90,330
371,0,cililitan,0,0.0,0,25.0,0,37.0,0,90,105,330
372,0,cililitan,0,0.0,0,44.0,0,159.0,0,105,105,330
373,0,cililitan,0,0.0,0,17.0,0,25.0,0,155,160,450
374,0,cililitan,0,0.0,0,0.0,0,22.0,0,90,100,330
375,0,cililitan,0,0.0,0,0.0,0,33.0,0,95,80,330
376,0,cililitan,0,0.0,0,0.0,0,2.5,0,80,70,330
377,0,cililitan,0,0.0,0,0.0,0,0.0,0,75,50,330
378,0,cililitan,1,14.0,0,12.0,0,13.0,1,110,70,370
379,0,cililitan,0,0.0,0,0.0,0,23.5,0,75,50,400
380,0,cililitan,0,0.0,0,33.5,0,80.0,0,90,100,330
381,0,cililitan,0,0.0,0,0.0,0,0.0,0,80,55,330
382,0,cililitan,1,4.0,0,0.0,0,68.5,1,90,90,330
383,0,cililitan,1,1.0,0,0.0,0,0.0,1,85,50,330
384,0,cililitan,0,0.0,0,0.0,0,0.0,0,90,60,330
385,0,cipayung,0,0.0,0,4.0,0,4.0,0,90,80,330
386,0,cipayung,0,0.0,0,1.0,0,14.0,0,80,80,330
387,0,cipayung,0,0.0,0,8.0,0,53.0,0,100,125,330
388,0,cipayung,0,0.0,0,39.0,0,94.0,0,100,100,330
389,0,cipayung,0,0.0,0,25.0,0,30.0,0,110,100,440
390,0,cipayung,0,0.0,0,15.0,0,67.0,0,90,90,330
391,0,cipayung,0,0.0,0,25.0,0,37.0,0,90,105,330
392,0,cipayung,0,0.0,0,44.0,0,159.0,0,105,105,330
393,0,cipayung,0,0.0,0,17.0,0,25.0,0,155,160,450
394,0,cipayung,0,0.0,0,0.0,0,22.0,0,90,100,330
395,0,cipayung,0,0.0,0,0.0,0,33.0,0,95,80,330
396,0,cipayung,0,0.0,0,0.0,0,2.5,0,80,70,330
397,0,cipayung,0,0.0,0,0.0,0,0.0,0,75,50,330
398,0,cipayung,1,14.0,0,12.0,0,13.0,1,110,70,370
399,0,cipayung,0,0.0,0,0.0,0,23.5,0,75,50,400
400,0,cipayung,0,0.0,0,33.5,0,80.0,0,90,100,330
401,0,cipayung,0,0.0,0,0.0,0,0.0,0,80,55,330
402,0,cipayung,1,4.0,0,0.0,0,68.5,1,90,90,330
403,0,cipayung,1,1.0,0,0.0,0,0.0,1,85,50,330
404,0,cipayung,0,0.0,0,0.0,0,0.0,0,90,60,330
405,0,cipinang,0,0.0,0,0.0,0,33.0,0,95,80,330
406,0,cipinang,0,0.0,0,0.0,0,2.5,0,80,70,330
407,0,cipinang,0,0.0,0,0.0,0,0.0,0,75,50,330
408,0,cipinang,1,14.0,0,12.0,0,13.0,1,110,70,370
409,0,cipinang,0,0.0,0,0.0,0,23.5,0,75,50,400
410,0,cipinang,0,0.0,0,33.5,0,80.0,0,90,100,330
411,0,cipinang,0,0.0,0,0.0,0,0.0,0,80,55,330
412,0,cipinang,1,4.0,0,0.0,0,68.5,1,90,90,330
413,0,cipinang,1,1.0,0,0.0,0,0.0,1,85,50,330
414,0,cipinang,0,0.0,0,0.0,0,0.0,0,90,60,330
415,0,cipinang cempedak,0,0.0,0,4.0,0,4.0,0,90,80,330
416,0,cipinang cempedak,0,0.0,0,1.0,0,14.0,0,80,80,330
417,0,cipinang cempedak,0,0.0,0,8.0,0,53.0,0,100,125,330
418,0,cipinang cempedak,0,0.0,0,39.0,0,94.0,0,100,100,330
419,0,cipinang cempedak,0,0.0,0,25.0,0,30.0,0,110,100,440
420,0,cipinang cempedak,0,0.0,0,15.0,0,67.0,0,90,90,330
421,0,cipinang cempedak,0,0.0,0,25.0,0,37.0,0,90,105,330
422,0,cipinang cempedak,0,0.0,0,44.0,0,159.0,0,105,105,330
423,0,cipinang cempedak,0,0.0,0,17.0,0,25.0,0,155,160,450
424,0,cipinang cempedak,0,0.0,0,0.0,0,22.0,0,90,100,330
425,0,cipinang cempedak,0,0.0,0,0.0,0,33.0,0,95,80,330
426,0,cipinang cempedak,0,0.0,0,0.0,0,2.5,0,80,70,330
427,0,cipinang cempedak,0,0.0,0,0.0,0,0.0,0,75,50,330
428,0,cipinang cempedak,1,14.0,0,12.0,0,13.0,1,110,70,370
429,0,cipinang cempedak,0,0.0,0,0.0,0,23.5,0,75,50,400
430,0,cipinang cempedak,0,0.0,0,33.5,0,80.0,0,90,100,330
431,0,cipinang cempedak,0,0.0,0,0.0,0,0.0,0,80,55,330
432,0,cipinang cempedak,1,4.0,0,0.0,0,68.5,1,90,90,330
433,0,cipinang cempedak,1,1.0,0,0.0,0,0.0,1,85,50,330
434,0,cipinang cempedak,0,0.0,0,0.0,0,0.0,0,90,60,330
435,0,cipinang melayu,0,0.0,0,77.0,0,160.0,0,80,100,330
436,0,cipinang melayu,0,0.0,0,17.0,0,79.0,0,80,100,330
437,0,cipinang melayu,0,0.0,0,0.0,0,0.0,0,90,100,330
438,0,cipinang melayu,0,0.0,0,0.0,0,10.0,0,75,80,330
439,0,cipinang melayu,0,0.0,0,0.0,0,0.0,0,110,115,330
440,0,cipinang melayu,0,0.0,0,0.0,0,0.0,0,80,90,330
441,0,cipinang melayu,0,0.0,0,7.0,0,19.0,0,85,80,330
442,0,cipinang melayu,0,0.0,0,34.0,0,34.0,0,75,80,330
443,0,cipinang melayu,0,0.0,0,4.0,0,6.0,0,95,110,330
444,0,cipinang melayu,0,0.0,0,0.0,0,6.0,0,80,80,330
445,0,cipinang melayu,0,0.0,0,4.0,0,4.0,0,90,80,330
446,0,cipinang melayu,0,0.0,0,1.0,0,14.0,0,80,80,330
447,0,cipinang melayu,0,0.0,0,8.0,0,53.0,0,100,125,330
448,0,cipinang melayu,0,0.0,0,39.0,0,94.0,0,100,100,330
449,0,cipinang melayu,0,0.0,0,25.0,0,30.0,0,110,100,440
450,0,cipinang melayu,0,0.0,0,15.0,0,67.0,0,90,90,330
451,0,cipinang melayu,0,0.0,0,25.0,0,37.0,0,90,105,330
452,0,cipinang melayu,0,0.0,0,44.0,0,159.0,0,105,105,330
453,0,cipinang melayu,0,0.0,0,17.0,0,25.0,0,155,160,450
454,0,cipinang melayu,0,0.0,0,0.0,0,22.0,0,90,100,330
455,0,cipinang melayu,0,0.0,0,0.0,0,33.0,0,95,80,330
456,0,cipinang melayu,0,0.0,0,0.0,0,2.5,0,80,70,330
457,0,cipinang melayu,0,0.0,0,0.0,0,0.0,0,75,50,330
458,0,cipinang melayu,1,14.0,0,12.0,0,13.0,1,110,70,370
459,0,cipinang melayu,0,0.0,0,0.0,0,23.5,0,75,50,400
460,0,cipinang melayu,0,0.0,0,33.5,0,80.0,0,90,100,330
461,0,cipinang melayu,0,0.0,0,0.0,0,0.0,0,80,55,330
462,0,cipinang melayu,1,4.0,0,0.0,0,68.5,1,90,90,330
463,0,cipinang melayu,1,1.0,0,0.0,0,0.0,1,85,50,330
464,0,cipinang melayu,0,0.0,0,0.0,0,0.0,0,90,60,330
465,0,cipinang muara,0,0.0,0,77.0,0,160.0,0,80,100,330
466,0,cipinang muara,0,0.0,0,17.0,0,79.0,0,80,100,330
467,0,cipinang muara,0,0.0,0,0.0,0,0.0,0,90,100,330
468,0,cipinang muara,0,0.0,0,0.0,0,10.0,0,75,80,330
469,0,cipinang muara,0,0.0,0,0.0,0,0.0,0,110,115,330
470,0,cipinang muara,0,0.0,0,0.0,0,0.0,0,80,90,330
471,0,cipinang muara,0,0.0,0,7.0,0,19.0,0,85,80,330
472,0,cipinang muara,0,0.0,0,34.0,0,34.0,0,75,80,330
473,0,cipinang muara,0,0.0,0,4.0,0,6.0,0,95,110,330
474,0,cipinang muara,0,0.0,0,0.0,0,6.0,0,80,80,330
475,0,cipinang muara,0,0.0,0,4.0,0,4.0,0,90,80,330
476,0,cipinang muara,0,0.0,0,1.0,0,14.0,0,80,80,330
477,0,cipinang muara,0,0.0,0,8.0,0,53.0,0,100,125,330
478,0,cipinang muara,0,0.0,0,39.0,0,94.0,0,100,100,330
479,0,cipinang muara,0,0.0,0,25.0,0,30.0,0,110,100,440
480,0,cipinang muara,0,0.0,0,15.0,0,67.0,0,90,90,330
481,0,cipinang muara,0,0.0,0,25.0,0,37.0,0,90,105,330
482,0,cipinang muara,0,0.0,0,44.0,0,159.0,0,105,105,330
483,0,cipinang muara,0,0.0,0,17.0,0,25.0,0,155,160,450
484,0,cipinang muara,0,0.0,0,0.0,0,22.0,0,90,100,330
485,0,ciracas,0,0.0,0,4.0,0,4.0,0,90,80,330
486,0,ciracas,0,0.0,0,1.0,0,14.0,0,80,80,330
487,0,ciracas,0,0.0,0,8.0,0,53.0,0,100,125,330
488,0,ciracas,0,0.0,0,39.0,0,94.0,0,100,100,330
489,0,ciracas,0,0.0,0,25.0,0,30.0,0,110,100,440
490,0,ciracas,0,0.0,0,15.0,0,67.0,0,90,90,330
491,0,ciracas,0,0.0,0,25.0,0,37.0,0,90,105,330
492,0,ciracas,0,0.0,0,44.0,0,159.0,0,105,105,330
493,0,ciracas,0,0.0,0,17.0,0,25.0,0,155,160,450
494,0,ciracas,0,0.0,0,0.0,0,22.0,0,90,100,330
495,0,ciracas,0,0.0,0,0.0,0,33.0,0,95,80,330
496,0,ciracas,0,0.0,0,0.0,0,2.5,0,80,70,330
497,0,ciracas,0,0.0,0,0.0,0,0.0,0,75,50,330
498,0,ciracas,1,14.0,0,12.0,0,13.0,1,110,70,370
499,0,ciracas,0,0.0,0,0.0,0,23.5,0,75,50,400
500,0,ciracas,0,0.0,0,33.5,0,80.0,0,90,100,330
501,0,ciracas,0,0.0,0,0.0,0,0.0,0,80,55,330
502,0,ciracas,1,4.0,0,0.0,0,68.5,1,90,90,330
503,0,ciracas,1,1.0,0,0.0,0,0.0,1,85,50,330
504,0,ciracas,0,0.0,0,0.0,0,0.0,0,90,60,330
505,0,dukuh,0,0.0,0,77.0,0,160.0,0,80,100,330
506,0,dukuh,0,0.0,0,17.0,0,79.0,0,80,100,330
507,0,dukuh,0,0.0,0,0.0,0,0.0,0,90,100,330
508,0,dukuh,0,0.0,0,0.0,0,10.0,0,75,80,330
509,0,dukuh,0,0.0,0,0.0,0,0.0,0,110,115,330
510,0,dukuh,0,0.0,0,0.0,0,0.0,0,80,90,330
511,0,dukuh,0,0.0,0,7.0,0,19.0,0,85,80,330
512,0,dukuh,0,0.0,0,34.0,0,34.0,0,75,80,330
513,0,dukuh,0,0.0,0,4.0,0,6.0,0,95,110,330
514,0,dukuh,0,0.0,0,0.0,0,6.0,0,80,80,330
515,0,dukuh,0,0.0,0,4.0,0,4.0,0,90,80,330
516,0,dukuh,0,0.0,0,1.0,0,14.0,0,80,80,330
517,0,dukuh,0,0.0,0,8.0,0,53.0,0,100,125,330
518,0,dukuh,0,0.0,0,39.0,0,94.0,0,100,100,330
519,0,dukuh,0,0.0,0,25.0,0,30.0,0,110,100,440
520,0,dukuh,0,0.0,0,15.0,0,67.0,0,90,90,330
521,0,dukuh,0,0.0,0,25.0,0,37.0,0,90,105,330
522,0,dukuh,0,0.0,0,44.0,0,159.0,0,105,105,330
523,0,dukuh,0,0.0,0,17.0,0,25.0,0,155,160,450
524,0,dukuh,0,0.0,0,0.0,0,22.0,0,90,100,330
525,0,dukuh,0,0.0,0,0.0,0,33.0,0,95,80,330
526,0,dukuh,0,0.0,0,0.0,0,2.5,0,80,70,330
527,0,dukuh,0,0.0,0,0.0,0,0.0,0,75,50,330
528,0,dukuh,1,14.0,0,12.0,0,13.0,1,110,70,370
529,0,dukuh,0,0.0,0,0.0,0,23.5,0,75,50,400
530,0,dukuh,0,0.0,0,33.5,0,80.0,0,90,100,330
531,0,dukuh,0,0.0,0,0.0,0,0.0,0,80,55,330
532,0,dukuh,1,4.0,0,0.0,0,68.5,1,90,90,330
533,0,dukuh,1,1.0,0,0.0,0,0.0,1,85,50,330
534,0,dukuh,0,0.0,0,0.0,0,0.0,0,90,60,330
535,0,duren sawit,0,0.0,0,4.0,0,4.0,0,90,80,330
536,0,duren sawit,0,0.0,0,1.0,0,14.0,0,80,80,330
537,0,duren sawit,0,0.0,0,8.0,0,53.0,0,100,125,330
538,0,duren sawit,0,0.0,0,39.0,0,94.0,0,100,100,330
539,0,duren sawit,0,0.0,0,25.0,0,30.0,0,110,100,440
540,0,duren sawit,0,0.0,0,15.0,0,67.0,0,90,90,330
541,0,duren sawit,0,0.0,0,25.0,0,37.0,0,90,105,330
542,0,duren sawit,0,0.0,0,44.0,0,159.0,0,105,105,330
543,0,duren sawit,0,0.0,0,17.0,0,25.0,0,155,160,450
544,0,duren sawit,0,0.0,0,0.0,0,22.0,0,90,100,330
545,0,duren sawit,0,0.0,0,0.0,0,33.0,0,95,80,330
546,0,duren sawit,0,0.0,0,0.0,0,2.5,0,80,70,330
547,0,duren sawit,0,0.0,0,0.0,0,0.0,0,75,50,330
548,0,duren sawit,1,14.0,0,12.0,0,13.0,1,110,70,370
549,0,duren sawit,0,0.0,0,0.0,0,23.5,0,75,50,400
550,0,duren sawit,0,0.0,0,33.5,0,80.0,0,90,100,330
551,0,duren sawit,0,0.0,0,0.0,0,0.0,0,80,55,330
552,0,duren sawit,1,4.0,0,0.0,0,68.5,1,90,90,330
553,0,duren sawit,1,1.0,0,0.0,0,0.0,1,85,50,330
554,0,duren sawit,0,0.0,0,0.0,0,0.0,0,90,60,330
555,0,gedong,0,0.0,0,4.0,0,4.0,0,90,80,330
556,0,gedong,0,0.0,0,1.0,0,14.0,0,80,80,330
557,0,gedong,0,0.0,0,8.0,0,53.0,0,100,125,330
558,0,gedong,0,0.0,0,39.0,0,94.0,0,100,100,330
559,0,gedong,0,0.0,0,25.0,0,30.0,0,110,100,440
560,0,gedong,0,0.0,0,15.0,0,67.0,0,90,90,330
561,0,gedong,0,0.0,0,25.0,0,37.0,0,90,105,330
562,0,gedong,0,0.0,0,44.0,0,159.0,0,105,105,330
563,0,gedong,0,0.0,0,17.0,0,25.0,0,155,160,450
564,0,gedong,0,0.0,0,0.0,0,22.0,0,90,100,330
565,0,gedong,0,0.0,0,0.0,0,33.0,0,95,80,330
566,0,gedong,0,0.0,0,0.0,0,2.5,0,80,70,330
567,0,gedong,0,0.0,0,0.0,0,0.0,0,75,50,330
568,0,gedong,1,14.0,0,12.0,0,13.0,1,110,70,370
569,0,gedong,0,0.0,0,0.0,0,23.5,0,75,50,400
570,0,gedong,0,0.0,0,33.5,0,80.0,0,90,100,330
571,0,gedong,0,0.0,0,0.0,0,0.0,0,80,55,330
572,0,gedong,1,4.0,0,0.0,0,68.5,1,90,90,330
573,0,gedong,1,1.0,0,0.0,0,0.0,1,85,50,330
574,0,gedong,0,0.0,0,0.0,0,0.0,0,90,60,330
575,0,halim perdana kusuma,0,0.0,0,0.0,0,33.0,0,95,80,330
576,0,halim perdana kusuma,0,0.0,0,0.0,0,2.5,0,80,70,330
577,0,halim perdana kusuma,0,0.0,0,0.0,0,0.0,0,75,50,330
578,0,halim perdana kusuma,1,14.0,0,12.0,0,13.0,1,110,70,370
579,0,halim perdana kusuma,0,0.0,0,0.0,0,23.5,0,75,50,400
580,0,halim perdana kusuma,0,0.0,0,33.5,0,80.0,0,90,100,330
581,0,halim perdana kusuma,0,0.0,0,0.0,0,0.0,0,80,55,330
582,0,halim perdana kusuma,1,4.0,0,0.0,0,68.5,1,90,90,330
583,0,halim perdana kusuma,1,1.0,0,0.0,0,0.0,1,85,50,330
584,0,halim perdana kusuma,0,0.0,0,0.0,0,0.0,0,90,60,330
585,0,jati,0,0.0,0,0.0,0,33.0,0,95,80,330
586,0,jati,0,0.0,0,0.0,0,2.5,0,80,70,330
587,0,jati,0,0.0,0,0.0,0,0.0,0,75,50,330
588,0,jati,1,14.0,0,12.0,0,13.0,1,110,70,370
589,0,jati,0,0.0,0,0.0,0,23.5,0,75,50,400
590,0,jati,0,0.0,0,33.5,0,80.0,0,90,100,330
591,0,jati,0,0.0,0,0.0,0,0.0,0,80,55,330
592,0,jati,1,4.0,0,0.0,0,68.5,1,90,90,330
593,0,jati,1,1.0,0,0.0,0,0.0,1,85,50,330
594,0,jati,0,0.0,0,0.0,0,0.0,0,90,60,330
595,0,jatinegara,0,0.0,0,4.0,0,4.0,0,90,80,330
596,0,jatinegara,0,0.0,0,1.0,0,14.0,0,80,80,330
597,0,jatinegara,0,0.0,0,8.0,0,53.0,0,100,125,330
598,0,jatinegara,0,0.0,0,39.0,0,94.0,0,100,100,330
599,0,jatinegara,0,0.0,0,25.0,0,30.0,0,110,100,440
600,0,jatinegara,0,0.0,0,15.0,0,67.0,0,90,90,330
601,0,jatinegara,0,0.0,0,25.0,0,37.0,0,90,105,330
602,0,jatinegara,0,0.0,0,44.0,0,159.0,0,105,105,330
603,0,jatinegara,0,0.0,0,17.0,0,25.0,0,155,160,450
604,0,jatinegara,0,0.0,0,0.0,0,22.0,0,90,100,330
605,0,jatinegara,0,0.0,0,0.0,0,33.0,0,95,80,330
606,0,jatinegara,0,0.0,0,0.0,0,2.5,0,80,70,330
607,0,jatinegara,0,0.0,0,0.0,0,0.0,0,75,50,330
608,0,jatinegara,1,14.0,0,12.0,0,13.0,1,110,70,370
609,0,jatinegara,0,0.0,0,0.0,0,23.5,0,75,50,400
610,0,jatinegara,0,0.0,0,33.5,0,80.0,0,90,100,330
611,0,jatinegara,0,0.0,0,0.0,0,0.0,0,80,55,330
612,0,jatinegara,1,4.0,0,0.0,0,68.5,1,90,90,330
613,0,jatinegara,1,1.0,0,0.0,0,0.0,1,85,50,330
614,0,jatinegara,0,0.0,0,0.0,0,0.0,0,90,60,330
615,0,kampung melayu,0,0.0,0,77.0,0,160.0,0,80,100,330
616,0,kampung melayu,0,0.0,0,17.0,0,79.0,0,80,100,330
617,0,kampung melayu,0,0.0,0,0.0,0,0.0,0,90,100,330
618,0,kampung melayu,0,0.0,0,0.0,0,10.0,0,75,80,330
619,0,kampung melayu,0,0.0,0,0.0,0,0.0,0,110,115,330
620,0,kampung melayu,0,0.0,0,0.0,0,0.0,0,80,90,330
621,0,kampung melayu,0,0.0,0,7.0,0,19.0,0,85,80,330
622,0,kampung melayu,0,0.0,0,34.0,0,34.0,0,75,80,330
623,0,kampung melayu,0,0.0,0,4.0,0,6.0,0,95,110,330
624,0,kampung melayu,0,0.0,0,0.0,0,6.0,0,80,80,330
625,0,kampung melayu,0,0.0,0,4.0,0,4.0,0,90,80,330
626,0,kampung melayu,0,0.0,0,1.0,0,14.0,0,80,80,330
627,0,kampung melayu,0,0.0,0,8.0,0,53.0,0,100,125,330
628,0,kampung melayu,0,0.0,0,39.0,0,94.0,0,100,100,330
629,0,kampung melayu,0,0.0,0,25.0,0,30.0,0,110,100,440
630,0,kampung melayu,0,0.0,0,15.0,0,67.0,0,90,90,330
631,0,kampung melayu,0,0.0,0,25.0,0,37.0,0,90,105,330
632,0,kampung melayu,0,0.0,0,44.0,0,159.0,0,105,105,330
633,0,kampung melayu,0,0.0,0,17.0,0,25.0,0,155,160,450
634,0,kampung melayu,0,0.0,0,0.0,0,22.0,0,90,100,330
635,0,kampung melayu,0,0.0,0,0.0,0,33.0,0,95,80,330
636,0,kampung melayu,0,0.0,0,0.0,0,2.5,0,80,70,330
637,0,kampung melayu,0,0.0,0,0.0,0,0.0,0,75,50,330
638,0,kampung melayu,1,14.0,0,12.0,0,13.0,1,110,70,370
639,0,kampung melayu,0,0.0,0,0.0,0,23.5,0,75,50,400
640,0,kampung melayu,0,0.0,0,33.5,0,80.0,0,90,100,330
641,0,kampung melayu,0,0.0,0,0.0,0,0.0,0,80,55,330
642,0,kampung melayu,1,4.0,0,0.0,0,68.5,1,90,90,330
643,0,kampung melayu,1,1.0,0,0.0,0,0.0,1,85,50,330
644,0,kampung melayu,0,0.0,0,0.0,0,0.0,0,90,60,330
645,0,kampung tengah,0,0.0,0,77.0,0,160.0,0,80,100,330
646,0,kampung tengah,0,0.0,0,17.0,0,79.0,0,80,100,330
647,0,kampung tengah,0,0.0,0,0.0,0,0.0,0,90,100,330
648,0,kampung tengah,0,0.0,0,0.0,0,10.0,0,75,80,330
649,0,kampung tengah,0,0.0,0,0.0,0,0.0,0,110,115,330
650,0,kampung tengah,0,0.0,0,0.0,0,0.0,0,80,90,330
651,0,kampung tengah,0,0.0,0,7.0,0,19.0,0,85,80,330
652,0,kampung tengah,0,0.0,0,34.0,0,34.0,0,75,80,330
653,0,kampung tengah,0,0.0,0,4.0,0,6.0,0,95,110,330
654,0,kampung tengah,0,0.0,0,0.0,0,6.0,0,80,80,330
655,0,kampung tengah,0,0.0,0,4.0,0,4.0,0,90,80,330
656,0,kampung tengah,0,0.0,0,1.0,0,14.0,0,80,80,330
657,0,kampung tengah,0,0.0,0,8.0,0,53.0,0,100,125,330
658,0,kampung tengah,0,0.0,0,39.0,0,94.0,0,100,100,330
659,0,kampung tengah,0,0.0,0,25.0,0,30.0,0,110,100,440
660,0,kampung tengah,0,0.0,0,15.0,0,67.0,0,90,90,330
661,0,kampung tengah,0,0.0,0,25.0,0,37.0,0,90,105,330
662,0,kampung tengah,0,0.0,0,44.0,0,159.0,0,105,105,330
663,0,kampung tengah,0,0.0,0,17.0,0,25.0,0,155,160,450
664,0,kampung tengah,0,0.0,0,0.0,0,22.0,0,90,100,330
665,0,kampung tengah,0,0.0,0,0.0,0,33.0,0,95,80,330
666,0,kampung tengah,0,0.0,0,0.0,0,2.5,0,80,70,330
667,0,kampung tengah,0,0.0,0,0.0,0,0.0,0,75,50,330
668,0,kampung tengah,1,14.0,0,12.0,0,13.0,1,110,70,370
669,0,kampung tengah,0,0.0,0,0.0,0,23.5,0,75,50,400
670,0,kampung tengah,0,0.0,0,33.5,0,80.0,0,90,100,330
671,0,kampung tengah,0,0.0,0,0.0,0,0.0,0,80,55,330
672,0,kampung tengah,1,4.0,0,0.0,0,68.5,1,90,90,330
673,0,kampung tengah,1,1.0,0,0.0,0,0.0,1,85,50,330
674,0,kampung tengah,0,0.0,0,0.0,0,0.0,0,90,60,330
675,0,kayu manis,0,0.0,0,4.0,0,4.0,0,90,80,330
676,0,kayu manis,0,0.0,0,1.0,0,14.0,0,80,80,330
677,0,kayu manis,0,0.0,0,8.0,0,53.0,0,100,125,330
678,0,kayu manis,0,0.0,0,39.0,0,94.0,0,100,100,330
679,0,kayu manis,0,0.0,0,25.0,0,30.0,0,110,100,440
680,0,kayu manis,0,0.0,0,15.0,0,67.0,0,90,90,330
681,0,kayu manis,0,0.0,0,25.0,0,37.0,0,90,105,330
682,0,kayu manis,0,0.0,0,44.0,0,159.0,0,105,105,330
683,0,kayu manis,0,0.0,0,17.0,0,25.0,0,155,160,450
684,0,kayu manis,0,0.0,0,0.0,0,22.0,0,90,100,330
685,0,kayu putih,0,0.0,0,0.0,0,33.0,0,95,80,330
686,0,kayu putih,0,0.0,0,0.0,0,2.5,0,80,70,330
687,0,kayu putih,0,0.0,0,0.0,0,0.0,0,75,50,330
688,0,kayu putih,1,14.0,0,12.0,0,13.0,1,110,70,370
689,0,kayu putih,0,0.0,0,0.0,0,23.5,0,75,50,400
690,0,kayu putih,0,0.0,0,33.5,0,80.0,0,90,100,330
691,0,kayu putih,0,0.0,0,0.0,0,0.0,0,80,55,330
692,0,kayu putih,1,4.0,0,0.0,0,68.5,1,90,90,330
693,0,kayu putih,1,1.0,0,0.0,0,0.0,1,85,50,330
694,0,kayu putih,0,0.0,0,0.0,0,0.0,0,90,60,330
695,0,kebon manggis,0,0.0,0,4.0,0,4.0,0,90,80,330
696,0,kebon manggis,0,0.0,0,1.0,0,14.0,0,80,80,330
697,0,kebon manggis,0,0.0,0,8.0,0,53.0,0,100,125,330
698,0,kebon manggis,0,0.0,0,39.0,0,94.0,0,100,100,330
699,0,kebon manggis,0,0.0,0,25.0,0,30.0,0,110,100,440
700,0,kebon manggis,0,0.0,0,15.0,0,67.0,0,90,90,330
701,0,kebon manggis,0,0.0,0,25.0,0,37.0,0,90,105,330
702,0,kebon manggis,0,0.0,0,44.0,0,159.0,0,105,105,330
703,0,kebon manggis,0,0.0,0,17.0,0,25.0,0,155,160,450
704,0,kebon manggis,0,0.0,0,0.0,0,22.0,0,90,100,330
705,0,kebon manggis,0,0.0,0,0.0,0,33.0,0,95,80,330
706,0,kebon manggis,0,0.0,0,0.0,0,2.5,0,80,70,330
707,0,kebon manggis,0,0.0,0,0.0,0,0.0,0,75,50,330
708,0,kebon manggis,1,14.0,0,12.0,0,13.0,1,110,70,370
709,0,kebon manggis,0,0.0,0,0.0,0,23.5,0,75,50,400
710,0,kebon manggis,0,0.0,0,33.5,0,80.0,0,90,100,330
711,0,kebon manggis,0,0.0,0,0.0,0,0.0,0,80,55,330
712,0,kebon manggis,1,4.0,0,0.0,0,68.5,1,90,90,330
713,0,kebon manggis,1,1.0,0,0.0,0,0.0,1,85,50,330
714,0,kebon manggis,0,0.0,0,0.0,0,0.0,0,90,60,330
715,0,kebon pala,0,0.0,0,4.0,0,4.0,0,90,80,330
716,0,kebon pala,0,0.0,0,1.0,0,14.0,0,80,80,330
717,0,kebon pala,0,0.0,0,8.0,0,53.0,0,100,125,330
718,0,kebon pala,0,0.0,0,39.0,0,94.0,0,100,100,330
719,0,kebon pala,0,0.0,0,25.0,0,30.0,0,110,100,440
720,0,kebon pala,0,0.0,0,15.0,0,67.0,0,90,90,330
721,0,kebon pala,0,0.0,0,25.0,0,37.0,0,90,105,330
722,0,kebon pala,0,0.0,0,44.0,0,159.0,0,105,105,330
723,0,kebon pala,0,0.0,0,17.0,0,25.0,0,155,160,450
724,0,kebon pala,0,0.0,0,0.0,0,22.0,0,90,100,330
725,0,kebon pala,0,0.0,0,0.0,0,33.0,0,95,80,330
726,0,kebon pala,0,0.0,0,0.0,0,2.5,0,80,70,330
727,0,kebon pala,0,0.0,0,0.0,0,0.0,0,75,50,330
728,0,kebon pala,1,14.0,0,12.0,0,13.0,1,110,70,370
729,0,kebon pala,0,0.0,0,0.0,0,23.5,0,75,50,400
730,0,kebon pala,0,0.0,0,33.5,0,80.0,0,90,100,330
731,0,kebon pala,0,0.0,0,0.0,0,0.0,0,80,55,330
732,0,kebon pala,1,4.0,0,0.0,0,68.5,1,90,90,330
733,0,kebon pala,1,1.0,0,0.0,0,0.0,1,85,50,330
734,0,kebon pala,0,0.0,0,0.0,0,0.0,0,90,60,330
735,0,klender,0,0.0,0,0.0,0,33.0,0,95,80,330
736,0,klender,0,0.0,0,0.0,0,2.5,0,80,70,330
737,0,klender,0,0.0,0,0.0,0,0.0,0,75,50,330
738,0,klender,1,14.0,0,12.0,0,13.0,1,110,70,370
739,0,klender,0,0.0,0,0.0,0,23.5,0,75,50,400
740,0,klender,0,0.0,0,33.5,0,80.0,0,90,100,330
741,0,klender,0,0.0,0,0.0,0,0.0,0,80,55,330
742,0,klender,1,4.0,0,0.0,0,68.5,1,90,90,330
743,0,klender,1,1.0,0,0.0,0,0.0,1,85,50,330
744,0,klender,0,0.0,0,0.0,0,0.0,0,90,60,330
745,0,kramatjati,0,0.0,0,4.0,0,4.0,0,90,80,330
746,0,kramatjati,0,0.0,0,1.0,0,14.0,0,80,80,330
747,0,kramatjati,0,0.0,0,8.0,0,53.0,0,100,125,330
748,0,kramatjati,0,0.0,0,39.0,0,94.0,0,100,100,330
749,0,kramatjati,0,0.0,0,25.0,0,30.0,0,110,100,440
750,0,kramatjati,0,0.0,0,15.0,0,67.0,0,90,90,330
751,0,kramatjati,0,0.0,0,25.0,0,37.0,0,90,105,330
752,0,kramatjati,0,0.0,0,44.0,0,159.0,0,105,105,330
753,0,kramatjati,0,0.0,0,17.0,0,25.0,0,155,160,450
754,0,kramatjati,0,0.0,0,0.0,0,22.0,0,90,100,330
755,0,lubang buaya,0,0.0,0,4.0,0,4.0,0,90,80,330
756,0,lubang buaya,0,0.0,0,1.0,0,14.0,0,80,80,330
757,0,lubang buaya,0,0.0,0,8.0,0,53.0,0,100,125,330
758,0,lubang buaya,0,0.0,0,39.0,0,94.0,0,100,100,330
759,0,lubang buaya,0,0.0,0,25.0,0,30.0,0,110,100,440
760,0,lubang buaya,0,0.0,0,15.0,0,67.0,0,90,90,330
761,0,lubang buaya,0,0.0,0,25.0,0,37.0,0,90,105,330
762,0,lubang buaya,0,0.0,0,44.0,0,159.0,0,105,105,330
763,0,lubang buaya,0,0.0,0,17.0,0,25.0,0,155,160,450
764,0,lubang buaya,0,0.0,0,0.0,0,22.0,0,90,100,330
765,0,lubang buaya,0,0.0,0,0.0,0,33.0,0,95,80,330
766,0,lubang buaya,0,0.0,0,0.0,0,2.5,0,80,70,330
767,0,lubang buaya,0,0.0,0,0.0,0,0.0,0,75,50,330
768,0,lubang buaya,1,14.0,0,12.0,0,13.0,1,110,70,370
769,0,lubang buaya,0,0.0,0,0.0,0,23.5,0,75,50,400
770,0,lubang buaya,0,0.0,0,33.5,0,80.0,0,90,100,330
771,0,lubang buaya,0,0.0,0,0.0,0,0.0,0,80,55,330
772,0,lubang buaya,1,4.0,0,0.0,0,68.5,1,90,90,330
773,0,lubang buaya,1,1.0,0,0.0,0,0.0,1,85,50,330
774,0,lubang buaya,0,0.0,0,0.0,0,0.0,0,90,60,330
775,0,makasar,0,0.0,0,4.0,0,4.0,0,90,80,330
776,0,makasar,0,0.0,0,1.0,0,14.0,0,80,80,330
777,0,makasar,0,0.0,0,8.0,0,53.0,0,100,125,330
778,0,makasar,0,0.0,0,39.0,0,94.0,0,100,100,330
779,0,makasar,0,0.0,0,25.0,0,30.0,0,110,100,440
780,0,makasar,0,0.0,0,15.0,0,67.0,0,90,90,330
781,0,makasar,0,0.0,0,25.0,0,37.0,0,90,105,330
782,0,makasar,0,0.0,0,44.0,0,159.0,0,105,105,330
783,0,makasar,0,0.0,0,17.0,0,25.0,0,155,160,450
784,0,makasar,0,0.0,0,0.0,0,22.0,0,90,100,330
785,0,makasar,0,0.0,0,0.0,0,33.0,0,95,80,330
786,0,makasar,0,0.0,0,0.0,0,2.5,0,80,70,330
787,0,makasar,0,0.0,0,0.0,0,0.0,0,75,50,330
788,0,makasar,1,14.0,0,12.0,0,13.0,1,110,70,370
789,0,makasar,0,0.0,0,0.0,0,23.5,0,75,50,400
790,0,makasar,0,0.0,0,33.5,0,80.0,0,90,100,330
791,0,makasar,0,0.0,0,0.0,0,0.0,0,80,55,330
792,0,makasar,1,4.0,0,0.0,0,68.5,1,90,90,330
793,0,makasar,1,1.0,0,0.0,0,0.0,1,85,50,330
794,0,makasar,0,0.0,0,0.0,0,0.0,0,90,60,330
795,0,malaka sari,0,0.0,0,4.0,0,4.0,0,90,80,330
796,0,malaka sari,0,0.0,0,1.0,0,14.0,0,80,80,330
797,0,malaka sari,0,0.0,0,8.0,0,53.0,0,100,125,330
798,0,malaka sari,0,0.0,0,39.0,0,94.0,0,100,100,330
799,0,malaka sari,0,0.0,0,25.0,0,30.0,0,110,100,440
800,0,malaka sari,0,0.0,0,15.0,0,67.0,0,90,90,330
801,0,malaka sari,0,0.0,0,25.0,0,37.0,0,90,105,330
802,0,malaka sari,0,0.0,0,44.0,0,159.0,0,105,105,330
803,0,malaka sari,0,0.0,0,17.0,0,25.0,0,155,160,450
804,0,malaka sari,0,0.0,0,0.0,0,22.0,0,90,100,330
805,0,pekayon,0,0.0,0,0.0,0,33.0,0,95,80,330
806,0,pekayon,0,0.0,0,0.0,0,2.5,0,80,70,330
807,0,pekayon,0,0.0,0,0.0,0,0.0,0,75,50,330
808,0,pekayon,1,14.0,0,12.0,0,13.0,1,110,70,370
809,0,pekayon,0,0.0,0,0.0,0,23.5,0,75,50,400
810,0,pekayon,0,0.0,0,33.5,0,80.0,0,90,100,330
811,0,pekayon,0,0.0,0,0.0,0,0.0,0,80,55,330
812,0,pekayon,1,4.0,0,0.0,0,68.5,1,90,90,330
813,0,pekayon,1,1.0,0,0.0,0,0.0,1,85,50,330
814,0,pekayon,0,0.0,0,0.0,0,0.0,0,90,60,330
815,0,penggilingan,0,0.0,0,0.0,0,33.0,0,95,80,330
816,0,penggilingan,0,0.0,0,0.0,0,2.5,0,80,70,330
817,0,penggilingan,0,0.0,0,0.0,0,0.0,0,75,50,330
818,0,penggilingan,1,14.0,0,12.0,0,13.0,1,110,70,370
819,0,penggilingan,0,0.0,0,0.0,0,23.5,0,75,50,400
820,0,penggilingan,0,0.0,0,33.5,0,80.0,0,90,100,330
821,0,penggilingan,0,0.0,0,0.0,0,0.0,0,80,55,330
822,0,penggilingan,1,4.0,0,0.0,0,68.5,1,90,90,330
823,0,penggilingan,1,1.0,0,0.0,0,0.0,1,85,50,330
824,0,penggilingan,0,0.0,0,0.0,0,0.0,0,90,60,330
825,0,pinangranti,0,0.0,0,0.0,0,33.0,0,95,80,330
826,0,pinangranti,0,0.0,0,0.0,0,2.5,0,80,70,330
827,0,pinangranti,0,0.0,0,0.0,0,0.0,0,75,50,330
828,0,pinangranti,1,14.0,0,12.0,0,13.0,1,110,70,370
829,0,pinangranti,0,0.0,0,0.0,0,23.5,0,75,50,400
830,0,pinangranti,0,0.0,0,33.5,0,80.0,0,90,100,330
831,0,pinangranti,0,0.0,0,0.0,0,0.0,0,80,55,330
832,0,pinangranti,1,4.0,0,0.0,0,68.5,1,90,90,330
833,0,pinangranti,1,1.0,0,0.0,0,0.0,1,85,50,330
834,0,pinangranti,0,0.0,0,0.0,0,0.0,0,90,60,330
835,0,pisangan baru,0,0.0,0,4.0,0,4.0,0,90,80,330
836,0,pisangan baru,0,0.0,0,1.0,0,14.0,0,80,80,330
837,0,pisangan baru,0,0.0,0,8.0,0,53.0,0,100,125,330
838,0,pisangan baru,0,0.0,0,39.0,0,94.0,0,100,100,330
839,0,pisangan baru,0,0.0,0,25.0,0,30.0,0,110,100,440
840,0,pisangan baru,0,0.0,0,15.0,0,67.0,0,90,90,330
841,0,pisangan baru,0,0.0,0,25.0,0,37.0,0,90,105,330
842,0,pisangan baru,0,0.0,0,44.0,0,159.0,0,105,105,330
843,0,pisangan baru,0,0.0,0,17.0,0,25.0,0,155,160,450
844,0,pisangan baru,0,0.0,0,0.0,0,22.0,0,90,100,330
845,0,pisangan baru,0,0.0,0,0.0,0,33.0,0,95,80,330
846,0,pisangan baru,0,0.0,0,0.0,0,2.5,0,80,70,330
847,0,pisangan baru,0,0.0,0,0.0,0,0.0,0,75,50,330
848,0,pisangan baru,1,14.0,0,12.0,0,13.0,1,110,70,370
849,0,pisangan baru,0,0.0,0,0.0,0,23.5,0,75,50,400
850,0,pisangan baru,0,0.0,0,33.5,0,80.0,0,90,100,330
851,0,pisangan baru,0,0.0,0,0.0,0,0.0,0,80,55,330
852,0,pisangan baru,1,4.0,0,0.0,0,68.5,1,90,90,330
853,0,pisangan baru,1,1.0,0,0.0,0,0.0,1,85,50,330
854,0,pisangan baru,0,0.0,0,0.0,0,0.0,0,90,60,330
855,0,pisangan timur,0,0.0,0,0.0,0,33.0,0,95,80,330
856,0,pisangan timur,0,0.0,0,0.0,0,2.5,0,80,70,330
857,0,pisangan timur,0,0.0,0,0.0,0,0.0,0,75,50,330
858,0,pisangan timur,1,14.0,0,12.0,0,13.0,1,110,70,370
859,0,pisangan timur,0,0.0,0,0.0,0,23.5,0,75,50,400
860,0,pisangan timur,0,0.0,0,33.5,0,80.0,0,90,100,330
861,0,pisangan timur,0,0.0,0,0.0,0,0.0,0,80,55,330
862,0,pisangan timur,1,4.0,0,0.0,0,68.5,1,90,90,330
863,0,pisangan timur,1,1.0,0,0.0,0,0.0,1,85,50,330
864,0,pisangan timur,0,0.0,0,0.0,0,0.0,0,90,60,330
865,0,pondok bambu,0,0.0,0,4.0,0,4.0,0,90,80,330
866,0,pondok bambu,0,0.0,0,1.0,0,14.0,0,80,80,330
867,0,pondok bambu,0,0.0,0,8.0,0,53.0,0,100,125,330
868,0,pondok bambu,0,0.0,0,39.0,0,94.0,0,100,100,330
869,0,pondok bambu,0,0.0,0,25.0,0,30.0,0,110,100,440
870,0,pondok bambu,0,0.0,0,15.0,0,67.0,0,90,90,330
871,0,pondok bambu,0,0.0,0,25.0,0,37.0,0,90,105,330
872,0,pondok bambu,0,0.0,0,44.0,0,159.0,0,105,105,330
873,0,pondok bambu,0,0.0,0,17.0,0,25.0,0,155,160,450
874,0,pondok bambu,0,0.0,0,0.0,0,22.0,0,90,100,330
875,0,pondok bambu,0,0.0,0,0.0,0,33.0,0,95,80,330
876,0,pondok bambu,0,0.0,0,0.0,0,2.5,0,80,70,330
877,0,pondok bambu,0,0.0,0,0.0,0,0.0,0,75,50,330
878,0,pondok bambu,1,14.0,0,12.0,0,13.0,1,110,70,370
879,0,pondok bambu,0,0.0,0,0.0,0,23.5,0,75,50,400
880,0,pondok bambu,0,0.0,0,33.5,0,80.0,0,90,100,330
881,0,pondok bambu,0,0.0,0,0.0,0,0.0,0,80,55,330
882,0,pondok bambu,1,4.0,0,0.0,0,68.5,1,90,90,330
883,0,pondok bambu,1,1.0,0,0.0,0,0.0,1,85,50,330
884,0,pondok bambu,0,0.0,0,0.0,0,0.0,0,90,60,330
885,0,pondok kelapa,0,0.0,0,4.0,0,4.0,0,90,80,330
886,0,pondok kelapa,0,0.0,0,1.0,0,14.0,0,80,80,330
887,0,pondok kelapa,0,0.0,0,8.0,0,53.0,0,100,125,330
888,0,pondok kelapa,0,0.0,0,39.0,0,94.0,0,100,100,330
889,0,pondok kelapa,0,0.0,0,25.0,0,30.0,0,110,100,440
890,0,pondok kelapa,0,0.0,0,15.0,0,67.0,0,90,90,330
891,0,pondok kelapa,0,0.0,0,25.0,0,37.0,0,90,105,330
892,0,pondok kelapa,0,0.0,0,44.0,0,159.0,0,105,105,330
893,0,pondok kelapa,0,0.0,0,17.0,0,25.0,0,155,160,450
894,0,pondok kelapa,0,0.0,0,0.0,0,22.0,0,90,100,330
895,0,pondok kelapa,0,0.0,0,0.0,0,33.0,0,95,80,330
896,0,pondok kelapa,0,0.0,0,0.0,0,2.5,0,80,70,330
897,0,pondok kelapa,0,0.0,0,0.0,0,0.0,0,75,50,330
898,0,pondok kelapa,1,14.0,0,12.0,0,13.0,1,110,70,370
899,0,pondok kelapa,0,0.0,0,0.0,0,23.5,0,75,50,400
900,0,pondok kelapa,0,0.0,0,33.5,0,80.0,0,90,100,330
901,0,pondok kelapa,0,0.0,0,0.0,0,0.0,0,80,55,330
902,0,pondok kelapa,1,4.0,0,0.0,0,68.5,1,90,90,330
903,0,pondok kelapa,1,1.0,0,0.0,0,0.0,1,85,50,330
904,0,pondok kelapa,0,0.0,0,0.0,0,0.0,0,90,60,330
905,0,pulo gadung,0,0.0,0,0.0,0,33.0,0,95,80,330
906,0,pulo gadung,0,0.0,0,0.0,0,2.5,0,80,70,330
907,0,pulo gadung,0,0.0,0,0.0,0,0.0,0,75,50,330
908,0,pulo gadung,1,14.0,0,12.0,0,13.0,1,110,70,370
909,0,pulo gadung,0,0.0,0,0.0,0,23.5,0,75,50,400
910,0,pulo gadung,0,0.0,0,33.5,0,80.0,0,90,100,330
911,0,pulo gadung,0,0.0,0,0.0,0,0.0,0,80,55,330
912,0,pulo gadung,1,4.0,0,0.0,0,68.5,1,90,90,330
913,0,pulo gadung,1,1.0,0,0.0,0,0.0,1,85,50,330
914,0,pulo gadung,0,0.0,0,0.0,0,0.0,0,90,60,330
915,0,rambutan,0,0.0,0,77.0,0,160.0,0,80,100,330
916,0,rambutan,0,0.0,0,17.0,0,79.0,0,80,100,330
917,0,rambutan,0,0.0,0,0.0,0,0.0,0,90,100,330
918,0,rambutan,0,0.0,0,0.0,0,10.0,0,75,80,330
919,0,rambutan,0,0.0,0,0.0,0,0.0,0,110,115,330
920,0,rambutan,0,0.0,0,0.0,0,0.0,0,80,90,330
921,0,rambutan,0,0.0,0,7.0,0,19.0,0,85,80,330
922,0,rambutan,0,0.0,0,34.0,0,34.0,0,75,80,330
923,0,rambutan,0,0.0,0,4.0,0,6.0,0,95,110,330
924,0,rambutan,0,0.0,0,0.0,0,6.0,0,80,80,330
925,0,rambutan,0,0.0,0,4.0,0,4.0,0,90,80,330
926,0,rambutan,0,0.0,0,1.0,0,14.0,0,80,80,330
927,0,rambutan,0,0.0,0,8.0,0,53.0,0,100,125,330
928,0,rambutan,0,0.0,0,39.0,0,94.0,0,100,100,330
929,0,rambutan,0,0.0,0,25.0,0,30.0,0,110,100,440
930,0,rambutan,0,0.0,0,15.0,0,67.0,0,90,90,330
931,0,rambutan,0,0.0,0,25.0,0,37.0,0,90,105,330
932,0,rambutan,0,0.0,0,44.0,0,159.0,0,105,105,330
933,0,rambutan,0,0.0,0,17.0,0,25.0,0,155,160,450
934,0,rambutan,0,0.0,0,0.0,0,22.0,0,90,100,330
935,0,rambutan,0,0.0,0,0.0,0,33.0,0,95,80,330
936,0,rambutan,0,0.0,0,0.0,0,2.5,0,80,70,330
937,0,rambutan,0,0.0,0,0.0,0,0.0,0,75,50,330
938,0,rambutan,1,14.0,0,12.0,0,13.0,1,110,70,370
939,0,rambutan,0,0.0,0,0.0,0,23.5,0,75,50,400
940,0,rambutan,0,0.0,0,33.5,0,80.0,0,90,100,330
941,0,rambutan,0,0.0,0,0.0,0,0.0,0,80,55,330
942,0,rambutan,1,4.0,0,0.0,0,68.5,1,90,90,330
943,0,rambutan,1,1.0,0,0.0,0,0.0,1,85,50,330
944,0,rambutan,0,0.0,0,0.0,0,0.0,0,90,60,330
945,0,rawa bunga,0,0.0,0,4.0,0,4.0,0,90,80,330
946,0,rawa bunga,0,0.0,0,1.0,0,14.0,0,80,80,330
947,0,rawa bunga,0,0.0,0,8.0,0,53.0,0,100,125,330
948,0,rawa bunga,0,0.0,0,39.0,0,94.0,0,100,100,330
949,0,rawa bunga,0,0.0,0,25.0,0,30.0,0,110,100,440
950,0,rawa bunga,0,0.0,0,15.0,0,67.0,0,90,90,330
951,0,rawa bunga,0,0.0,0,25.0,0,37.0,0,90,105,330
952,0,rawa bunga,0,0.0,0,44.0,0,159.0,0,105,105,330
953,0,rawa bunga,0,0.0,0,17.0,0,25.0,0,155,160,450
954,0,rawa bunga,0,0.0,0,0.0,0,22.0,0,90,100,330
955,0,rawa bunga,0,0.0,0,0.0,0,33.0,0,95,80,330
956,0,rawa bunga,0,0.0,0,0.0,0,2.5,0,80,70,330
957,0,rawa bunga,0,0.0,0,0.0,0,0.0,0,75,50,330
958,0,rawa bunga,1,14.0,0,12.0,0,13.0,1,110,70,370
959,0,rawa bunga,0,0.0,0,0.0,0,23.5,0,75,50,400
960,0,rawa bunga,0,0.0,0,33.5,0,80.0,0,90,100,330
961,0,rawa bunga,0,0.0,0,0.0,0,0.0,0,80,55,330
962,0,rawa bunga,1,4.0,0,0.0,0,68.5,1,90,90,330
963,0,rawa bunga,1,1.0,0,0.0,0,0.0,1,85,50,330
964,0,rawa bunga,0,0.0,0,0.0,0,0.0,0,90,60,330
965,0,rawa terate,0,0.0,0,0.0,0,33.0,0,95,80,330
966,0,rawa terate,0,0.0,0,0.0,0,2.5,0,80,70,330
967,0,rawa terate,0,0.0,0,0.0,0,0.0,0,75,50,330
968,0,rawa terate,1,14.0,0,12.0,0,13.0,1,110,70,370
969,0,rawa terate,0,0.0,0,0.0,0,23.5,0,75,50,400
970,0,rawa terate,0,0.0,0,33.5,0,80.0,0,90,100,330
971,0,rawa terate,0,0.0,0,0.0,0,0.0,0,80,55,330
972,0,rawa terate,1,4.0,0,0.0,0,68.5,1,90,90,330
973,0,rawa terate,1,1.0,0,0.0,0,0.0,1,85,50,330
974,0,rawa terate,0,0.0,0,0.0,0,0.0,0,90,60,330
975,0,rawamangun,0,0.0,0,0.0,0,33.0,0,95,80,330
976,0,rawamangun,0,0.0,0,0.0,0,2.5,0,80,70,330
977,0,rawamangun,0,0.0,0,0.0,0,0.0,0,75,50,330
978,0,rawamangun,1,14.0,0,12.0,0,13.0,1,110,70,370
979,0,rawamangun,0,0.0,0,0.0,0,23.5,0,75,50,400
980,0,rawamangun,0,0.0,0,33.5,0,80.0,0,90,100,330
981,0,rawamangun,0,0.0,0,0.0,0,0.0,0,80,55,330
982,0,rawamangun,1,4.0,0,0.0,0,68.5,1,90,90,330
983,0,rawamangun,1,1.0,0,0.0,0,0.0,1,85,50,330
984,0,rawamangun,0,0.0,0,0.0,0,0.0,0,90,60,330
985,0,susukan,0,0.0,0,0.0,0,33.0,0,95,80,330
986,0,susukan,0,0.0,0,0.0,0,2.5,0,80,70,330
987,0,susukan,0,0.0,0,0.0,0,0.0,0,75,50,330
988,0,susukan,1,14.0,0,12.0,0,13.0,1,110,70,370
989,0,susukan,0,0.0,0,0.0,0,23.5,0,75,50,400
990,0,susukan,0,0.0,0,33.5,0,80.0,0,90,100,330
991,0,susukan,0,0.0,0,0.0,0,0.0,0,80,55,330
992,0,susukan,1,4.0,0,0.0,0,68.5,1,90,90,330
993,0,susukan,1,1.0,0,0.0,0,0.0,1,85,50,330
994,0,susukan,0,0.0,0,0.0,0,0.0,0,90,60,330
995,0,utan kayu selatan,0,0.0,0,4.0,0,4.0,0,90,80,330
996,0,utan kayu selatan,0,0.0,0,1.0,0,14.0,0,80,80,330
997,0,utan kayu selatan,0,0.0,0,8.0,0,53.0,0,100,125,330
998,0,utan kayu selatan,0,0.0,0,39.0,0,94.0,0,100,100,330
999,0,utan kayu selatan,0,0.0,0,25.0,0,30.0,0,110,100,440
1000,0,utan kayu selatan,0,0.0,0,15.0,0,67.0,0,90,90,330
1001,0,utan kayu selatan,0,0.0,0,25.0,0,37.0,0,90,105,330
1002,0,utan kayu selatan,0,0.0,0,44.0,0,159.0,0,105,105,330
1003,0,utan kayu selatan,0,0.0,0,17.0,0,25.0,0,155,160,450
1004,0,utan kayu selatan,0,0.0,0,0.0,0,22.0,0,90,100,330
1005,0,utan kayu utara,0,0.0,0,0.0,0,33.0,0,95,80,330
1006,0,utan kayu utara,0,0.0,0,0.0,0,2.5,0,80,70,330
1007,0,utan kayu utara,0,0.0,0,0.0,0,0.0,0,75,50,330
1008,0,utan kayu utara,1,14.0,0,12.0,0,13.0,1,110,70,370
1009,0,utan kayu utara,0,0.0,0,0.0,0,23.5,0,75,50,400
1010,0,utan kayu utara,0,0.0,0,33.5,0,80.0,0,90,100,330
1011,0,utan kayu utara,0,0.0,0,0.0,0,0.0,0,80,55,330
1012,0,utan kayu utara,1,4.0,0,0.0,0,68.5,1,90,90,330
1013,0,utan kayu utara,1,1.0,0,0.0,0,0.0,1,85,50,330
1014,0,utan kayu utara,0,0.0,0,0.0,0,0.0,0,90,60,330
1015,1,pekayon,1,39.8,1,26.3,1,101.8,2,115,200,735
1016,1,rambutan,1,2.0,0,0.0,0,136.5,1,100,100,330
1017,1,jati,1,8.5,1,38.5,0,61.0,1,135,139,420
1018,1,balekambang,0,0.0,0,0.0,0,20.0,0,80,60,330
1019,1,duren sawit,1,66.0,1,74.0,0,85.0,3,170,300,580
1020,1,cililitan,1,9.5,1,24.5,1,93.5,1,105,90,330
1021,1,cawang,0,0.0,0,2.0,0,2.0,0,75,90,330
1022,1,rawamangun,1,31.0,0,72.0,0,157.0,2,125,150,750
1023,1,penggilingan,0,0.0,0,43.34806684437405,0,51.6961336887481,0,94,86,330
1024,1,bidara cina,1,31.0,0,72.0,0,157.0,2,125,150,750
1025,1,kayu putih,1,31.0,0,72.0,0,157.0,2,125,150,750
1026,1,cipinang melayu,1,2.5,1,128.0,0,209.0,1,125,130,690
1027,1,kebon pala,1,50.0,1,26.0,0,53.0,0,165,230,660
1028,1,cipinang cempedak,1,31.0,0,72.0,0,157.0,2,125,150,750
1029,1,pisangan timur,1,2.5,1,128.0,0,209.0,1,125,130,690
1030,1,cawang,1,5.0,0,6.5,0,10.5,1,105,110,420
1031,1,duren sawit,1,39.8,1,26.3,1,101.8,2,115,200,735
1032,1,balekambang,1,41.0,1,87.0,0,154.0,2,160,175,620
1033,1,cililitan,1,55.46146891956375,0,77.51284369347874,0,82.99266074658357,2,162,274,539
1034,1,kayu manis,1,9.5,1,24.5,1,93.5,1,105,90,330
1035,1,pekayon,1,31.0,0,72.0,0,157.0,2,125,150,750
1036,1,halim perdana kusuma,1,50.0,1,26.0,0,53.0,0,165,230,660
1037,1,pondok kelapa,1,9.5,1,24.5,1,93.5,1,105,90,330
1038,1,gedong,1,39.8,1,26.3,1,101.8,2,115,200,735
1039,1,kampung tengah,1,39.8,1,26.3,1,101.8,2,115,200,735
1040,1,pondok kelapa,1,2.0,0,11.0,0,91.0,1,120,80,330
1041,1,batu ampar,1,66.0,1,74.0,0,85.0,3,170,300,580
1042,1,pisangan timur,1,2.5,1,128.0,0,209.0,1,125,130,690
1043,1,kampung tengah,1,66.0,1,74.0,0,85.0,3,170,300,580
1044,1,pisangan baru,1,2.5,1,128.0,0,209.0,1,125,130,690
1045,1,kayu manis,1,2.0,0,11.0,0,91.0,1,120,80,330
1046,1,penggilingan,1,8.5,1,38.5,0,61.0,1,135,139,420
1047,1,kayu manis,1,31.0,0,72.0,0,157.0,2,125,150,750
1048,1,bambu apus,1,41.0,1,87.0,0,154.0,2,160,175,620
1049,1,makasar,1,66.0,1,74.0,0,85.0,3,170,300,580
1050,1,bambu apus,0,0.0,0,0.0,0,83.0,0,90,140,330
1051,1,cipayung,1,31.0,0,72.0,0,157.0,2,125,150,750
1052,1,duren sawit,0,0.0,0,0.0,0,22.0,0,85,100,330
1053,1,cililitan,1,66.0,1,74.0,0,85.0,3,170,300,580
1054,1,cakung timur,0,0.0,0,0.5472059346995435,0,0.5472059346995435,0,78,90,330
1055,1,cawang,0,0.0,0,1.0948926137982231,0,1.0948926137982231,0,77,90,330
1056,1,klender,1,2.0,0,11.0,0,91.0,1,120,80,330
1057,1,cipinang melayu,1,2.0,0,11.0,0,91.0,1,120,80,330
1058,1,makasar,1,9.5,1,24.5,1,93.5,1,105,90,330
1059,1,cipinang muara,1,45.0,0,81.0,0,81.0,2,155,250,500
1060,1,pisangan timur,1,2.5,1,128.0,0,209.0,1,125,130,690
1061,1,cipinang muara,1,39.8,1,26.3,1,101.8,2,115,200,735
1062,1,kebon pala,1,2.0,0,11.0,0,91.0,1,120,80,330
1063,1,kampung melayu,0,0.0,0,0.0,0,20.0,0,80,60,330
1064,1,cawang,0,0.0,0,0.0,0,20.0,0,80,60,330
1065,1,rawa bunga,0,0.0,0,9.0,0,137.0,0,90,80,330
1066,1,pulo gadung,1,49.9,1,126.0,0,126.0,3,135,190,331
1067,1,kayu putih,0,0.0,0,0.0,0,83.0,0,90,140,330
1068,1,jati,1,9.5,1,24.5,1,93.5,1,105,90,330
1069,1,kayu manis,1,66.0,1,74.0,0,85.0,3,170,300,580
1070,1,ciracas,1,39.8,1,26.3,1,101.8,2,115,200,735
1071,1,kampung tengah,1,9.5,1,24.5,1,93.5,1,105,90,330
1072,1,batu ampar,0,0.0,0,0.0,0,0.0,0,160,250,450
1073,1,cakung timur,0,0.0,0,9.0,0,137.0,0,90,80,330
1074,1,rambutan,1,31.0,0,72.0,0,157.0,2,125,150,750
1075,1,cakung timur,1,66.0,1,74.0,0,85.0,3,170,300,580
1076,1,kebon manggis,1,41.0,1,87.0,0,154.0,2,160,175,620
1077,1,dukuh,1,39.8,1,26.3,1,101.8,2,115,200,735
1078,1,pisangan baru,1,39.8,1,26.3,1,101.8,2,115,200,735
1079,1,cawang,1,31.0,0,72.0,0,157.0,2,125,150,750
1080,1,lubang buaya,1,2.5,1,128.0,0,209.0,1,125,130,690
1081,1,cipayung,0,0.0,0,2.5761802743210542,0,23.545708164592632,0,87,102,330
1082,1,pondok bambu,1,2.0,0,11.0,0,91.0,1,120,80,330
1083,1,rawa terate,1,31.0,0,72.0,0,157.0,2,125,150,750
1084,1,klender,1,31.0,0,72.0,0,157.0,2,125,150,750
1085,1,cawang,1,31.0,0,72.0,0,157.0,2,125,150,750
1086,1,kayu putih,1,2.5,1,128.0,0,209.0,1,125,130,690
1087,1,cawang,1,66.0,1,74.0,0,85.0,3,170,300,580
1088,1,cipinang melayu,1,8.5,1,38.5,0,61.0,1,135,139,420
1089,1,halim perdana kusuma,1,2.0,0,11.0,0,91.0,1,120,80,330
1090,1,pondok kelapa,1,31.0,0,72.0,0,157.0,2,125,150,750
1091,1,cililitan,0,0.0,0,2.0,0,2.0,0,75,90,330
1092,1,cipinang melayu,0,0.0,0,8.173482113122226,0,26.057827371040744,0,92,103,330
1093,1,jati,0,0.0,0,5.0,0,25.0,0,90,105,330
1094,1,kampung tengah,1,31.0,0,72.0,0,157.0,2,125,150,750
1095,1,rawa terate,1,2.5,1,128.0,0,209.0,1,125,130,690
1096,1,jatinegara,1,49.9,1,126.0,0,126.0,3,135,190,331
1097,1,cipinang muara,1,2.0,0,11.0,0,91.0,1,120,80,330
1098,1,cipinang muara,0,0.0,0,3.438923585480415,0,24.063354151288248,0,88,103,330
1099,1,ciracas,0,0.0,0,0.0,0,20.0,0,80,60,330
1100,1,cipinang,1,8.5,1,38.5,0,61.0,1,135,139,420
1101,1,cawang,1,9.5,1,24.5,1,93.5,1,105,90,330
1102,1,pulo gadung,1,39.8,1,26.3,1,101.8,2,115,200,735
1103,1,batu ampar,0,0.0,1,83.0,0,96.0,0,90,75,400
1104,1,pulo gadung,0,0.0,0,0.42258503840340966,0,22.253551023042046,0,85,100,330
1105,1,cililitan,1,31.0,0,72.0,0,157.0,2,125,150,750
1106,1,cawang,0,0.0,0,9.0,0,137.0,0,90,80,330
1107,1,kampung tengah,1,2.0,0,11.0,0,91.0,1,120,80,330
1108,1,pondok kelapa,1,2.5,1,128.0,0,209.0,1,125,130,690
1109,1,rambutan,1,2.5,1,128.0,0,209.0,1,125,130,690
1110,1,rawa terate,1,2.5,1,128.0,0,209.0,1,125,130,690
1111,1,cipinang cempedak,1,5.0,0,6.5,0,10.5,1,105,110,420
1112,1,cipinang muara,0,1.6769036316512107,0,2.2358715088682812,0,26.19225907912803,0,82,97,330
1113,1,klender,1,66.0,1,74.0,0,85.0,3,170,300,580
1114,1,cakung timur,0,0.0,0,0.7386954595311335,0,22.44321727571868,0,85,100,330
1115,1,kayu putih,0,0.0,0,0.0,0,83.0,0,90,140,330
1116,1,kayu putih,1,9.5,1,24.5,1,93.5,1,105,90,330
1117,1,pisangan timur,1,31.0,0,72.0,0,157.0,2,125,150,750
1118,1,kebon pala,1,41.0,1,87.0,0,154.0,2,160,175,620
1119,1,kampung melayu,1,2.5,1,128.0,0,209.0,1,125,130,690
1120,1,dukuh,1,49.9,1,126.0,0,126.0,3,135,190,331
1121,1,cipinang muara,1,5.0,0,6.5,0,10.5,1,105,110,420
1122,1,kebon manggis,1,31.0,0,72.0,0,157.0,2,125,150,750
1123,1,cipinang cempedak,1,9.5,1,24.5,1,93.5,1,105,90,330
1124,1,pisangan timur,0,0.0,0,46.0,0,57.0,0,90,85,330
1125,1,kramatjati,1,31.0,0,72.0,0,157.0,2,125,150,750
1126,1,cipayung,1,2.0,0,11.0,0,91.0,1,120,80,330
1127,1,bidara cina,0,0.0,0,0.0,0,20.0,0,80,60,330
1128,1,pisangan timur,0,0.0,0,35.0,0,35.0,0,110,90,330
1129,1,makasar,1,2.0,0,11.0,0,91.0,1,120,80,330
1130,1,klender,1,39.8,1,26.3,1,101.8,2,115,200,735
1131,1,halim perdana kusuma,0,0.0,0,0.0,0,20.0,0,80,60,330
1132,1,kayu manis,1,2.0,0,11.0,0,91.0,1,120,80,330
1133,1,penggilingan,0,0.0,0,0.0,0,83.0,0,90,140,330
1134,1,cililitan,0,0.0,0,0.0,0,22.0,0,85,100,330
1135,1,jati,1,2.5,1,128.0,0,209.0,1,125,130,690
1136,1,cawang,1,9.5,1,24.5,1,93.5,1,105,90,330
1137,1,kampung tengah,1,9.5,1,24.5,1,93.5,1,105,90,330
1138,1,kampung melayu,1,47.0,1,103.0,0,182.0,2,175,260,500
1139,1,pondok kelapa,1,2.5,1,128.0,0,209.0,1,125,130,690
1140,1,ciracas,0,0.0,0,2.1777072873867938,0,23.306624372432076,0,87,102,330
1141,1,pisangan baru,1,39.8,1,26.3,1,101.8,2,115,200,735
1142,1,duren sawit,0,0.0,0,1.3251063322561638,0,1.3251063322561638,0,76,90,330
1143,1,cipayung,0,0.0,0,0.0,0,83.0,0,90,140,330
1144,1,kampung tengah,1,31.0,0,72.0,0,157.0,2,125,150,750
1145,1,pulo gadung,1,9.5,1,24.5,1,93.5,1,105,90,330
1146,1,jatinegara,1,31.0,0,72.0,0,157.0,2,125,150,750
1147,1,kebon pala,1,2.0,0,11.0,0,91.0,1,120,80,330
1148,1,kampung melayu,0,0.0,0,4.6684591187993725,0,24.801075471279624,0,89,104,330
1149,1,cakung timur,1,66.0,1,74.0,0,85.0,3,170,300,580
1150,1,gedong,0,0.0,0,0.0,0,20.0,0,80,60,330
1151,1,dukuh,0,0.0,0,9.0,0,137.0,0,90,80,330
1152,1,makasar,0,0.0,0,40.63409219110388,0,46.268184382207764,0,99,87,330
1153,1,cipinang muara,1,50.0,1,26.0,0,53.0,0,165,230,660
1154,1,jatinegara,1,31.0,0,72.0,0,157.0,2,125,150,750
1155,1,cawang,1,66.0,1,74.0,0,85.0,3,170,300,580
1156,1,kayu manis,0,0.0,0,0.0,0,83.0,0,90,140,330
1157,1,kebon pala,1,2.0,0,11.0,0,91.0,1,120,80,330
1158,1,cipinang muara,1,8.5,1,38.5,0,61.0,1,135,139,420
1159,1,jatinegara,1,2.0,0,11.0,0,91.0,1,120,80,330
1160,1,kebon manggis,1,2.0,0,0.0,0,136.5,1,100,100,330
1161,1,cililitan,0,0.0,0,9.0,0,137.0,0,90,80,330
1162,1,dukuh,1,39.8,1,26.3,1,101.8,2,115,200,735
1163,1,bambu apus,0,0.0,0,9.0,0,137.0,0,90,80,330
1164,1,cakung timur,0,0.0,0,0.0,0,0.0,0,160,250,450
1165,1,kampung melayu,1,2.5,1,128.0,0,209.0,1,125,130,690
1166,1,cipinang,1,31.0,0,72.0,0,157.0,2,125,150,750
1167,1,pekayon,1,2.5,1,128.0,0,209.0,1,125,130,690
1168,1,cawang,1,2.5,1,128.0,0,209.0,1,125,130,690
1169,1,rawa terate,1,31.0,0,72.0,0,157.0,2,125,150,750
1170,1,kampung melayu,1,9.5,1,24.5,1,93.5,1,105,90,330
1171,1,cakung timur,0,0.0,0,2.0,0,2.0,0,75,90,330
1172,1,kramatjati,1,2.0,0,11.0,0,91.0,1,120,80,330
1173,1,balekambang,0,0.0,0,9.0,0,137.0,0,90,80,330
1174,1,bidara cina,0,0.0,0,0.0,0,20.0,0,80,60,330
1175,1,ciracas,1,39.8,1,26.3,1,101.8,2,115,200,735
1176,1,kayu putih,1,31.0,0,72.0,0,157.0,2,125,150,750
1177,1,cililitan,1,2.5,1,128.0,0,209.0,1,125,130,690
1178,1,gedong,1,15.307460571778835,0,8.708741551095464,0,11.604370775547732,1,101,87,420
1179,1,pinangranti,1,2.5,1,128.0,0,209.0,1,125,130,690
1180,1,ciracas,1,5.0,0,6.5,0,10.5,1,105,110,420
1181,1,rambutan,1,9.5,1,24.5,1,93.5,1,105,90,330
1182,1,kebon pala,1,66.0,1,74.0,0,85.0,3,170,300,580
1183,1,cipinang,1,2.0,0,11.0,0,91.0,1,120,80,330
1184,1,gedong,1,66.0,1,74.0,0,85.0,3,170,300,580
1185,1,cawang,1,66.0,1,74.0,0,85.0,3,170,300,580
1186,1,ciracas,1,66.0,1,74.0,0,85.0,3,170,300,580
1187,1,dukuh,0,0.0,1,83.0,0,96.0,0,90,75,400
1188,1,kayu manis,1,2.5,1,128.0,0,209.0,1,125,130,690
1189,1,kramatjati,0,0.9027937641236936,0,4.937428061443379,0,136.77430155896909,0,94,89,330
1190,1,dukuh,1,39.8,1,26.3,1,101.8,2,115,200,735
1191,1,bidara cina,1,9.5,1,24.5,1,93.5,1,105,90,330
1192,1,kayu manis,1,39.8,1,26.3,1,101.8,2,115,200,735
1193,1,dukuh,1,31.0,0,72.0,0,157.0,2,125,150,750
1194,1,pisangan baru,1,2.5,1,128.0,0,209.0,1,125,130,690
1195,1,jatinegara,1,2.5,1,128.0,0,209.0,1,125,130,690
1196,1,cipinang,0,0.0,0,0.5834803207084066,0,22.350088192425044,0,85,100,330
1197,1,pisangan baru,0,0.0,0,40.79517178842919,0,46.59034357685837,0,99,87,330
1198,1,jatinegara,1,2.5,1,128.0,0,209.0,1,125,130,690
1199,1,jati,1,50.0,1,26.0,0,53.0,0,165,230,660
1200,1,cakung timur,1,2.5,1,128.0,0,209.0,1,125,130,690
1201,1,cawang,1,66.0,1,74.0,0,85.0,3,170,300,580
1202,1,cipinang muara,1,2.0,0,11.0,0,91.0,1,120,80,330
1203,1,cipinang cempedak,1,31.0,0,72.0,0,157.0,2,125,150,750
1204,1,kampung melayu,0,0.13412386580009072,0,8.396442603899592,0,136.96646903354997,0,90,81,330
1205,1,pinangranti,1,39.8,1,26.3,1,101.8,2,115,200,735
1206,1,penggilingan,1,2.5,1,128.0,0,209.0,1,125,130,690
1207,1,bambu apus,0,0.0,0,0.0,0,0.0,0,160,250,450
1208,1,pondok kelapa,1,9.5,1,24.5,1,93.5,1,105,90,330
1209,1,cililitan,1,60.15352756577682,0,75.94882414474105,0,83.8863862030051,2,165,286,557
1210,1,dukuh,1,66.0,1,74.0,0,85.0,3,170,300,580
1211,1,rawa bunga,1,31.0,0,72.0,0,157.0,2,125,150,750
1212,1,kramatjati,1,9.5,1,24.5,1,93.5,1,105,90,330
1213,1,gedong,0,0.0,0,0.0,0,83.0,0,90,140,330
1214,1,rawa terate,1,31.0,0,72.0,0,157.0,2,125,150,750
1215,1,kebon manggis,1,41.0,1,87.0,0,154.0,2,160,175,620
1216,1,cakung timur,0,0.0,0,0.0,0,20.0,0,80,60,330
1217,1,ciracas,1,39.8,1,26.3,1,101.8,2,115,200,735
1218,1,bidara cina,1,2.5,1,128.0,0,209.0,1,125,130,690
1219,1,cipinang melayu,1,8.5,1,38.5,0,61.0,1,135,139,420
1220,1,dukuh,0,0.0,0,9.0,0,137.0,0,90,80,330
1221,1,kampung melayu,1,9.122294508745519,0,6.093061198233162,0,140.8227799041519,1,104,108,330
1222,1,cipayung,1,41.0,1,87.0,0,154.0,2,160,175,620
1223,1,cililitan,1,54.49092062727982,0,77.83635979090673,0,82.80779440519616,2,161,272,536
1224,1,jatinegara,1,39.8,1,26.3,1,101.8,2,115,200,735
1225,1,cipinang muara,0,0.0,0,4.498337226460865,0,24.69900233587652,0,89,104,330
1226,1,cawang,1,2.5,1,128.0,0,209.0,1,125,130,690
1227,1,pisangan baru,1,31.0,0,72.0,0,157.0,2,125,150,750
1228,1,lubang buaya,1,2.0,0,11.0,0,91.0,1,120,80,330
1229,1,cipayung,0,0.0,0,2.8874313545306283,0,23.732458812718377,0,87,102,330
1230,1,pekayon,1,49.9,1,126.0,0,126.0,3,135,190,331
1231,1,pondok bambu,1,2.5,1,128.0,0,209.0,1,125,130,690
1232,1,bidara cina,0,0.0,0,0.0,0,0.0,0,160,250,450
1233,1,kramatjati,1,66.0,1,74.0,0,85.0,3,170,300,580
1234,1,cipinang,1,9.5,1,24.5,1,93.5,1,105,90,330
1235,1,kebon pala,1,41.0,1,87.0,0,154.0,2,160,175,620
1236,1,cipinang muara,1,39.8,1,26.3,1,101.8,2,115,200,735
1237,1,dukuh,1,14.34057899722522,0,8.501552642262547,0,11.500776321131273,1,101,89,420
1238,1,pulo gadung,1,2.5,1,128.0,0,209.0,1,125,130,690
1239,1,jatinegara,1,66.0,1,74.0,0,85.0,3,170,300,580
1240,1,duren sawit,1,39.8,1,26.3,1,101.8,2,115,200,735
1241,1,kampung tengah,0,0.24274176925312352,0,7.907662038360944,0,136.9393145576867,0,91,82,330
1242,1,ciracas,1,66.0,1,74.0,0,85.0,3,170,300,580
1243,1,pulo gadung,1,2.0,0,11.0,0,91.0,1,120,80,330
1244,1,kampung tengah,1,9.5,1,24.5,1,93.5,1,105,90,330
1245,1,cipinang cempedak,1,8.5,1,38.5,0,61.0,1,135,139,420
1246,1,duren sawit,1,2.0,0,11.0,0,91.0,1,120,80,330
1247,1,kayu putih,1,2.0,0,11.0,0,91.0,1,120,80,330
1248,1,cipinang melayu,1,66.0,1,74.0,0,85.0,3,170,300,580
1249,1,balekambang,0,0.0,0,9.0,0,137.0,0,90,80,330
1250,1,cawang,1,2.0,0,11.0,0,91.0,1,120,80,330
1251,1,makasar,1,2.0,0,11.0,0,91.0,1,120,80,330
1252,1,ciracas,0,0.0,0,9.0,0,137.0,0,90,80,330
1253,1,pisangan timur,1,2.0,0,11.0,0,91.0,1,120,80,330
1254,1,pisangan timur,1,2.5,1,128.0,0,209.0,1,125,130,690
1255,1,dukuh,1,66.0,1,74.0,0,85.0,3,170,300,580
1256,1,pekayon,1,39.8,1,26.3,1,101.8,2,115,200,735
1257,1,kebon pala,1,41.0,1,87.0,0,154.0,2,160,175,620
1258,1,cipinang melayu,0,0.0,1,83.0,0,96.0,0,90,75,400
1259,1,kampung tengah,1,41.0,1,87.0,0,154.0,2,160,175,620
1260,1,rambutan,1,2.5,1,128.0,0,209.0,1,125,130,690
1261,1,batu ampar,1,66.0,1,74.0,0,85.0,3,170,300,580
1262,1,bidara cina,1,31.0,0,72.0,0,157.0,2,125,150,750
1263,1,pekayon,1,2.0,0,0.0,0,136.5,1,100,100,330
1264,1,rambutan,1,9.5,1,24.5,1,93.5,1,105,90,330
1265,1,jatinegara,1,9.5,1,24.5,1,93.5,1,105,90,330
1266,1,cipinang,0,0.0,0,2.827541736614869,0,23.696525041968922,0,87,102,330
1267,1,rawa bunga,1,31.0,0,72.0,0,157.0,2,125,150,750
1268,1,dukuh,1,13.386411106882571,0,8.29708809433198,0,11.39854404716599,1,102,92,420
1269,1,duren sawit,1,66.0,1,74.0,0,85.0,3,170,300,580
1270,1,bidara cina,0,0.0,1,83.0,0,96.0,0,90,75,400
1271,1,cawang,0,0.0,0,79.0,0,232.0,0,120,205,340
1272,1,kampung melayu,1,66.0,1,74.0,0,85.0,3,170,300,580
1273,1,rawamangun,1,31.0,0,72.0,0,157.0,2,125,150,750
1274,1,kayu putih,1,39.8,1,26.3,1,101.8,2,115,200,735
1275,1,pondok bambu,1,2.5,1,128.0,0,209.0,1,125,130,690
1276,1,cawang,1,41.0,1,87.0,0,154.0,2,160,175,620
1277,1,cililitan,1,47.9214400770043,0,80.02618664099856,0,81.55646477657224,2,157,256,511
1278,1,pondok kelapa,1,9.5,1,24.5,1,93.5,1,105,90,330
1279,1,pinangranti,1,2.5,1,128.0,0,209.0,1,125,130,690
1280,1,cakung timur,1,2.5,1,128.0,0,209.0,1,125,130,690
1281,1,bidara cina,1,66.0,1,74.0,0,85.0,3,170,300,580
1282,1,jati,1,9.5,1,24.5,1,93.5,1,105,90,330
1283,1,kayu putih,1,9.5,1,24.5,1,93.5,1,105,90,330
1284,1,kampung melayu,1,66.0,1,74.0,0,85.0,3,170,300,580
1285,1,jatinegara,0,0.0,0,9.0,0,137.0,0,90,80,330
1286,1,pekayon,1,2.5,1,128.0,0,209.0,1,125,130,690
1287,1,pisangan baru,1,31.0,0,72.0,0,157.0,2,125,150,750
1288,1,cawang,1,2.5,1,128.0,0,209.0,1,125,130,690
1289,1,dukuh,1,31.0,0,72.0,0,157.0,2,125,150,750
1290,1,kebon manggis,1,9.5,1,24.5,1,93.5,1,105,90,330
1291,1,cawang,0,0.0,0,2.0,0,2.0,0,75,90,330
1292,1,rawa terate,1,31.0,0,72.0,0,157.0,2,125,150,750
1293,1,kampung melayu,1,3.071765620931444,0,11.267941405232861,0,88.85646875813711,1,118,78,334
1294,1,jati,1,50.0,1,26.0,0,53.0,0,165,230,660
1295,1,pisangan baru,1,66.0,1,74.0,0,85.0,3,170,300,580
1296,1,cipinang melayu,0,5.006876937796261,0,6.675835917061682,0,34.51719234449065,0,76,91,330
1297,1,halim perdana kusuma,0,0.0,0,4.068395602529397,0,24.441037361517637,0,89,104,330
1298,1,makasar,1,66.0,1,74.0,0,85.0,3,170,300,580
1299,1,pisangan baru,1,8.5,1,38.5,0,61.0,1,135,139,420
1300,1,balekambang,1,8.5,1,38.5,0,61.0,1,135,139,420
1301,1,gedong,0,0.0,0,0.0,0,83.0,0,90,140,330
1302,1,cakung timur,1,66.0,1,74.0,0,85.0,3,170,300,580
1303,1,cipinang,1,50.0,1,26.0,0,53.0,0,165,230,660
1304,1,dukuh,1,39.8,1,26.3,1,101.8,2,115,200,735
1305,1,cipinang,1,9.5,1,24.5,1,93.5,1,105,90,330
1306,1,cipayung,0,0.0,1,83.0,0,96.0,0,90,75,400
1307,1,pulo gadung,0,0.0,0,39.359063150968474,0,43.71812630193694,0,102,88,330
1308,1,duren sawit,1,50.0,1,26.0,0,53.0,0,165,230,660
1309,1,susukan,1,2.5,1,128.0,0,209.0,1,125,130,690
1310,1,duren sawit,1,8.5,1,38.5,0,61.0,1,135,139,420
1311,1,kebon manggis,1,9.5,1,24.5,1,93.5,1,105,90,330
1312,1,malaka sari,1,2.5,1,128.0,0,209.0,1,125,130,690
1313,1,bambu apus,1,8.5,1,38.5,0,61.0,1,135,139,420
1314,1,kampung melayu,0,41.33046262226855,0,74.39483272008339,0,74.39483272008339,1,155,250,495
1315,1,cipayung,1,9.5,1,24.5,1,93.5,1,105,90,330
1316,1,cililitan,0,0.0,0,4.835766648782808,0,24.901459989269686,0,89,104,330
1317,1,kayu putih,1,9.5,1,24.5,1,93.5,1,105,90,330
1318,1,cipinang cempedak,0,0.0,1,83.0,0,96.0,0,90,75,400
1319,1,cipinang muara,0,0.0,0,0.0,0,83.0,0,90,140,330
1320,1,kramatjati,1,2.0,0,11.0,0,91.0,1,120,80,330
1321,1,rawa bunga,1,31.0,0,72.0,0,157.0,2,125,150,750
1322,1,pulo gadung,1,2.0,0,11.0,0,91.0,1,120,80,330
1323,1,batu ampar,1,8.5,1,38.5,0,61.0,1,135,139,420
1324,1,kampung tengah,1,41.0,1,87.0,0,154.0,2,160,175,620
1325,1,pondok kelapa,1,2.5,1,128.0,0,209.0,1,125,130,690
1326,1,cililitan,1,66.0,1,74.0,0,85.0,3,170,300,580
1327,1,rawa terate,1,31.0,0,72.0,0,157.0,2,125,150,750
1328,1,penggilingan,1,2.0,0,11.0,0,91.0,1,120,80,330
1329,1,batu ampar,0,20.654504460765587,0,37.17810802937806,0,37.17810802937806,0,157,250,472
1330,1,dukuh,0,0.0,1,83.0,0,96.0,0,90,75,400
1331,1,lubang buaya,1,2.0,0,11.0,0,91.0,1,120,80,330
1332,1,rambutan,1,2.5,1,128.0,0,209.0,1,125,130,690
1333,1,penggilingan,1,2.5,1,128.0,0,209.0,1,125,130,690
1334,1,bambu apus,1,9.5,1,24.5,1,93.5,1,105,90,330
1335,1,makasar,1,66.0,1,74.0,0,85.0,3,170,300,580
1336,1,kampung tengah,1,49.9,1,126.0,0,126.0,3,135,190,331
1337,1,pisangan timur,1,2.5,1,128.0,0,209.0,1,125,130,690
1338,1,kampung melayu,0,0.0,1,83.0,0,96.0,0,90,75,400
1339,1,cipayung,1,66.0,1,74.0,0,85.0,3,170,300,580
1340,1,gedong,1,50.0,1,26.0,0,53.0,0,165,230,660
1341,1,kampung melayu,1,10.250336181285268,0,7.625072038846843,0,11.06253601942342,1,103,98,420
1342,1,kampung tengah,0,0.0,1,83.0,0,96.0,0,90,75,400
1343,1,cipinang cempedak,0,3.4321389208610107,0,2.451527800615006,0,20.85595369304633,0,87,96,330
1344,1,lubang buaya,1,8.5,1,38.5,0,61.0,1,135,139,420
1345,1,rawa bunga,1,9.5,1,24.5,1,93.5,1,105,90,330
1346,1,kampung tengah,0,0.0,0,0.0,0,20.0,0,80,60,330
1347,1,cililitan,0,9.919397666959497,0,7.085284047828212,0,18.693534111013502,0,92,90,330
1348,1,kebon pala,1,31.0,0,72.0,0,157.0,2,125,150,750
1349,1,rambutan,1,9.5,1,24.5,1,93.5,1,105,90,330
1350,1,rambutan,1,9.5,1,24.5,1,93.5,1,105,90,330
1351,1,cililitan,0,0.0,0,0.0,0,20.0,0,80,60,330
1352,1,halim perdana kusuma,1,39.8,1,26.3,1,101.8,2,115,200,735
1353,1,kramatjati,1,66.0,1,74.0,0,85.0,3,170,300,580
1354,1,utan kayu selatan,1,2.5,1,128.0,0,209.0,1,125,130,690
1355,1,kebon manggis,1,31.0,0,72.0,0,157.0,2,125,150,750
1356,1,gedong,1,31.0,0,72.0,0,157.0,2,125,150,750
1357,1,pondok kelapa,1,9.5,1,24.5,1,93.5,1,105,90,330
1358,1,kayu putih,1,66.0,1,74.0,0,85.0,3,170,300,580
1359,1,cipinang,1,45.0,0,81.0,0,81.0,2,155,250,500
1360,1,pekayon,1,2.5,1,128.0,0,209.0,1,125,130,690
1361,1,penggilingan,1,39.8,1,26.3,1,101.8,2,115,200,735
1362,1,bidara cina,0,0.0,0,2.0,0,2.0,0,75,90,330
1363,1,pinangranti,0,1.1840310092703106,0,3.6718604582836023,0,136.70399224768244,0,95,91,330
1364,1,batu ampar,1,2.5,1,128.0,0,209.0,1,125,130,690
1365,1,pondok kelapa,1,31.0,0,72.0,0,157.0,2,125,150,750
1366,1,pulo gadung,1,39.8,1,26.3,1,101.8,2,115,200,735
1367,1,jati,1,39.8,1,26.3,1,101.8,2,115,200,735
1368,1,susukan,1,31.0,0,72.0,0,157.0,2,125,150,750
1369,1,rawa bunga,1,2.5,1,128.0,0,209.0,1,125,130,690
1370,1,pisangan baru,1,2.0,0,11.0,0,91.0,1,120,80,330
1371,1,cakung timur,1,63.636670132783564,0,74.78777662240547,0,84.54984193005401,2,168,294,570
1372,1,pisangan baru,1,2.5,1,128.0,0,209.0,1,125,130,690
1373,1,rambutan,1,9.5,1,24.5,1,93.5,1,105,90,330
1374,1,dukuh,1,66.0,1,74.0,0,85.0,3,170,300,580
1375,1,penggilingan,1,31.0,0,72.0,0,157.0,2,125,150,750
1376,1,bidara cina,1,31.0,0,72.0,0,157.0,2,125,150,750
1377,1,cipinang,1,50.0,1,26.0,0,53.0,0,165,230,660
1378,1,jati,0,0.0,0,5.0,0,25.0,0,90,105,330
1379,1,cipinang cempedak,1,2.5,1,128.0,0,209.0,1,125,130,690
1380,1,jatinegara,1,2.5,1,128.0,0,209.0,1,125,130,690
1381,1,dukuh,1,49.9,1,126.0,0,126.0,3,135,190,331
1382,1,bambu apus,1,41.0,1,87.0,0,154.0,2,160,175,620
1383,1,jatinegara,0,0.0,0,4.565374925248253,0,24.739224955148952,0,89,104,330
1384,1,rawa bunga,1,31.0,0,72.0,0,157.0,2,125,150,750
1385,1,lubang buaya,1,66.0,1,74.0,0,85.0,3,170,300,580
1386,1,kayu putih,1,2.5,1,128.0,0,209.0,1,125,130,690
1387,1,cipinang melayu,1,8.5,1,38.5,0,61.0,1,135,139,420
1388,1,kampung melayu,1,31.0,0,72.0,0,157.0,2,125,150,750
1389,1,pondok kelapa,1,39.8,1,26.3,1,101.8,2,115,200,735
1390,1,jati,1,9.5,1,24.5,1,93.5,1,105,90,330
1391,1,kampung melayu,0,0.0,0,7.681279893790883,0,25.89375996459696,0,91,103,330
1392,1,kramatjati,1,31.0,0,72.0,0,157.0,2,125,150,750
1393,1,cipinang cempedak,0,0.0,0,0.0,0,22.0,0,85,100,330
1394,1,cipinang cempedak,0,41.172855837990724,0,117.78004457686501,0,144.53862286919806,2,132,192,332
1395,1,duren sawit,1,66.0,1,74.0,0,85.0,3,170,300,580
1396,1,penggilingan,1,9.5,1,24.5,1,93.5,1,105,90,330
1397,1,cipinang,1,31.0,0,72.0,0,157.0,2,125,150,750
1398,1,kramatjati,1,2.5,1,128.0,0,209.0,1,125,130,690
1399,1,kebon manggis,1,66.0,1,74.0,0,85.0,3,170,300,580
1400,1,halim perdana kusuma,1,8.5,1,38.5,0,61.0,1,135,139,420
1401,1,pondok kelapa,1,2.5,1,128.0,0,209.0,1,125,130,690
1402,1,halim perdana kusuma,0,0.0,0,35.0,0,35.0,0,110,90,330
1403,1,pulo gadung,1,9.5,1,24.5,1,93.5,1,105,90,330
1404,1,ciracas,0,1.5595175495760616,0,1.9821710269077233,0,136.61012061260598,0,97,95,330
1405,1,cipinang cempedak,1,9.5,1,24.5,1,93.5,1,105,90,330
1406,1,batu ampar,0,0.0,0,2.0,0,2.0,0,75,90,330
1407,1,ciracas,1,66.0,1,74.0,0,85.0,3,170,300,580
1408,1,klender,1,66.0,1,74.0,0,85.0,3,170,300,580
1409,1,cakung timur,0,0.0,0,0.0,0,20.0,0,80,60,330
1410,1,kayu putih,1,9.5,1,24.5,1,93.5,1,105,90,330
1411,1,kampung melayu,1,8.5,1,38.5,0,61.0,1,135,139,420
1412,1,duren sawit,0,0.0,0,2.0,0,2.0,0,75,90,330
1413,1,kebon pala,1,2.0,0,11.0,0,91.0,1,120,80,330
1414,1,duren sawit,0,0.0,0,2.0127502179849026,0,23.20765013079094,0,87,102,330
1415,1,pisangan timur,1,66.0,1,74.0,0,85.0,3,170,300,580
1416,1,kayu manis,0,0.0,0,0.0,0,83.0,0,90,140,330
1417,1,cipayung,0,0.0,0,0.0,0,22.0,0,85,100,330
1418,1,cakung timur,0,0.2645524222506608,0,7.809514099872026,0,136.93386189443734,0,91,82,330
1419,1,cipayung,1,5.0,0,6.5,0,10.5,1,105,110,420
1420,1,lubang buaya,1,66.0,1,74.0,0,85.0,3,170,300,580
1421,1,kayu putih,1,2.0,0,0.0,0,136.5,1,100,100,330
1422,1,kebon pala,1,49.9,1,126.0,0,126.0,3,135,190,331
1423,1,kampung tengah,1,9.5,1,24.5,1,93.5,1,105,90,330
1424,1,kebon manggis,0,0.0,0,0.0,0,83.0,0,90,140,330
1425,1,kebon pala,1,2.5,1,128.0,0,209.0,1,125,130,690
1426,1,kampung melayu,1,39.8,1,26.3,1,101.8,2,115,200,735
1427,1,cipinang muara,1,39.8,1,26.3,1,101.8,2,115,200,735
1428,1,kramatjati,1,39.8,1,26.3,1,101.8,2,115,200,735
1429,1,bidara cina,1,41.0,1,87.0,0,154.0,2,160,175,620
1430,1,kayu manis,1,41.0,1,87.0,0,154.0,2,160,175,620
1431,1,utan kayu selatan,1,31.0,0,72.0,0,157.0,2,125,150,750
1432,1,pondok kelapa,1,2.0,0,11.0,0,91.0,1,120,80,330
1433,1,pondok bambu,1,2.0,0,11.0,0,91.0,1,120,80,330
1434,1,cipayung,0,0.0,0,0.0,0,22.0,0,85,100,330
1435,1,jati,1,2.0,0,11.0,0,91.0,1,120,80,330
1436,1,bambu apus,1,8.5,1,38.5,0,61.0,1,135,139,420
1437,1,ciracas,1,5.0,0,6.5,0,10.5,1,105,110,420
1438,1,cawang,1,31.0,0,72.0,0,157.0,2,125,150,750
1439,1,lubang buaya,1,66.0,1,74.0,0,85.0,3,170,300,580
1440,1,klender,0,0.0,0,41.551803482960736,0,48.103606965921465,0,98,87,330
1441,1,malaka sari,0,0.0,0,35.0,0,35.0,0,110,90,330
1442,1,dukuh,0,0.0,0,79.0,0,232.0,0,120,205,340
1443,1,kampung tengah,1,9.5,1,24.5,1,93.5,1,105,90,330
1444,1,cililitan,1,9.5,1,24.5,1,93.5,1,105,90,330
1445,1,jatinegara,1,39.8,1,26.3,1,101.8,2,115,200,735
1446,1,pulo gadung,1,8.5,1,38.5,0,61.0,1,135,139,420
1447,1,cipinang muara,1,5.961943488236223,0,3.3894083020749175,0,138.9046477818775,1,102,104,330
1448,1,cipinang cempedak,1,9.5,1,24.5,1,93.5,1,105,90,330
1449,1,kebon pala,1,8.5,1,38.5,0,61.0,1,135,139,420
1450,1,batu ampar,1,31.0,0,72.0,0,157.0,2,125,150,750
1451,1,batu ampar,1,66.0,1,74.0,0,85.0,3,170,300,580
1452,1,cipinang muara,1,66.0,1,74.0,0,85.0,3,170,300,580
1453,1,kampung tengah,1,2.5,1,128.0,0,209.0,1,125,130,690
1454,1,kampung melayu,1,66.0,1,74.0,0,85.0,3,170,300,580
1455,1,malaka sari,1,2.5,1,128.0,0,209.0,1,125,130,690
1456,1,dukuh,1,2.0,0,11.0,0,91.0,1,120,80,330
1457,1,penggilingan,1,2.5,1,128.0,0,209.0,1,125,130,690
1458,1,susukan,1,31.0,0,72.0,0,157.0,2,125,150,750
1459,1,susukan,1,31.0,0,72.0,0,157.0,2,125,150,750
1460,1,cipinang,1,9.5,1,24.5,1,93.5,1,105,90,330
1461,1,pondok kelapa,1,2.0,0,11.0,0,91.0,1,120,80,330
1462,1,malaka sari,1,66.0,1,74.0,0,85.0,3,170,300,580
1463,1,pekayon,1,2.0,0,11.0,0,91.0,1,120,80,330
1464,1,kayu manis,1,9.5,1,24.5,1,93.5,1,105,90,330
1465,1,rawa bunga,1,31.0,0,72.0,0,157.0,2,125,150,750
1466,1,ciracas,1,5.0,0,6.5,0,10.5,1,105,110,420
1467,1,rawa bunga,1,9.5,1,24.5,1,93.5,1,105,90,330
1468,1,pisangan timur,1,31.0,0,72.0,0,157.0,2,125,150,750
1469,1,cipinang,1,9.5,1,24.5,1,93.5,1,105,90,330
1470,1,ciracas,0,0.0,0,0.0,0,20.0,0,80,60,330
1471,1,kampung tengah,1,66.0,1,74.0,0,85.0,3,170,300,580
1472,1,batu ampar,1,9.5,1,24.5,1,93.5,1,105,90,330
1473,1,dukuh,0,0.0,1,83.0,0,96.0,0,90,75,400
1474,1,kebon manggis,1,66.0,1,74.0,0,85.0,3,170,300,580
1475,1,jatinegara,1,17.954659547434044,0,13.649072907631435,0,146.18346388717094,1,109,118,330
1476,1,pulo gadung,0,6.484793960932441,0,3.990642437496887,0,4.184811859436483,0,75,214,359
1477,1,susukan,0,0.0646012235858271,0,8.709294493863778,0,136.98384969410355,0,90,80,330
1478,1,pondok bambu,0,1.9894923628832302,0,0.047284367025464236,0,136.5026269092792,0,99,99,330
1479,1,duren sawit,1,2.0,0,11.0,0,91.0,1,120,80,330
1480,1,pinangranti,1,31.0,0,72.0,0,157.0,2,125,150,750
1481,1,penggilingan,0,0.0,0,0.0,0,83.0,0,90,140,330
1482,1,pondok bambu,1,66.0,1,74.0,0,85.0,3,170,300,580
1483,1,malaka sari,1,31.0,0,72.0,0,157.0,2,125,150,750
1484,1,cipayung,0,0.0,0,0.0,0,20.0,0,80,60,330
1485,1,cipinang cempedak,0,0.0,0,9.0,0,137.0,0,90,80,330
1486,1,cipinang cempedak,0,0.0,0,0.43352605931091803,0,22.26011563558655,0,85,100,330
1487,1,jati,1,66.0,1,74.0,0,85.0,3,170,300,580
1488,1,gedong,1,39.8,1,26.3,1,101.8,2,115,200,735
1489,1,cawang,1,31.0,0,72.0,0,157.0,2,125,150,750
1490,1,pulo gadung,1,31.0,0,72.0,0,157.0,2,125,150,750
1491,1,kayu putih,1,8.5,1,38.5,0,61.0,1,135,139,420
1492,1,pekayon,1,2.0,0,11.0,0,91.0,1,120,80,330
1493,1,balekambang,0,0.0,0,0.0,0,83.0,0,90,140,330
1494,1,cawang,1,45.0,0,81.0,0,81.0,2,155,250,500
1495,1,cipinang muara,1,45.70667016176567,0,88.7733717794224,0,116.6868431691665,2,162,253,500
1496,1,cipinang,1,8.5,1,38.5,0,61.0,1,135,139,420
1497,1,cakung timur,0,0.0,0,2.0,0,2.0,0,75,90,330
1498,1,cipinang melayu,0,0.0,1,83.0,0,96.0,0,90,75,400
1499,1,kebon pala,1,66.0,1,74.0,0,85.0,3,170,300,580
1500,1,rambutan,1,9.5,1,24.5,1,93.5,1,105,90,330
1501,1,jatinegara,1,2.0,0,0.0,0,136.5,1,100,100,330
1502,1,duren sawit,1,39.8,1,26.3,1,101.8,2,115,200,735
1503,1,klender,1,66.0,1,74.0,0,85.0,3,170,300,580
1504,1,malaka sari,1,2.0,0,11.0,0,91.0,1,120,80,330
1505,1,pisangan baru,0,0.0,0,0.0,0,83.0,0,90,140,330
1506,1,ciracas,1,31.0,0,72.0,0,157.0,2,125,150,750
1507,1,cipinang,1,31.0,0,72.0,0,157.0,2,125,150,750
1508,1,cakung timur,1,66.0,1,74.0,0,85.0,3,170,300,580
1509,1,halim perdana kusuma,1,10.904677236227176,0,7.7652879791915375,0,11.132643989595769,1,102,97,420
1510,1,dukuh,1,49.9,1,126.0,0,126.0,3,135,190,331
1511,1,pisangan timur,1,2.5,1,128.0,0,209.0,1,125,130,690
1512,1,pisangan baru,1,31.0,0,72.0,0,157.0,2,125,150,750
1513,1,cakung timur,1,31.0,0,72.0,0,157.0,2,125,150,750
1514,1,cakung timur,1,66.0,1,74.0,0,85.0,3,170,300,580
1515,1,cipayung,0,0.0,0,0.0,0,83.0,0,90,140,330
1516,1,jatinegara,1,9.5,1,24.5,1,93.5,1,105,90,330
1517,1,bidara cina,0,0.0,0,2.0,0,2.0,0,75,90,330
1518,1,dukuh,1,45.87864561199297,0,90.66510173192269,0,125.37160340564509,2,163,254,500
1519,1,cawang,1,31.0,0,72.0,0,157.0,2,125,150,750
1520,1,penggilingan,1,31.0,0,72.0,0,157.0,2,125,150,750
1521,1,batu ampar,0,0.0,0,9.0,0,137.0,0,90,80,330
1522,1,kayu manis,1,2.5,1,128.0,0,209.0,1,125,130,690
1523,1,batu ampar,1,9.5,1,24.5,1,93.5,1,105,90,330
1524,1,kampung melayu,0,0.0,1,83.0,0,96.0,0,90,75,400
1525,1,jati,1,50.0,1,26.0,0,53.0,0,165,230,660
1526,1,pinangranti,0,0.0,0,46.0,0,57.0,0,90,85,330
1527,1,kramatjati,0,0.0,0,35.0,0,35.0,0,110,90,330
1528,1,klender,1,41.0,1,87.0,0,154.0,2,160,175,620
1529,1,kayu manis,1,9.5,1,24.5,1,93.5,1,105,90,330
1530,1,rambutan,1,66.0,1,74.0,0,85.0,3,170,300,580
1531,1,kebon pala,1,49.9,1,126.0,0,126.0,3,135,190,331
1532,1,pondok kelapa,0,0.0,0,41.407433075693184,0,47.81486615138637,0,98,87,330
1533,1,jatinegara,1,9.5,1,24.5,1,93.5,1,105,90,330
1534,1,cawang,1,41.0,1,87.0,0,154.0,2,160,175,620
1535,1,pulo gadung,0,6.49845609675675,0,3.9990499056964617,0,4.018764362494882,0,75,214,359
1536,1,kampung melayu,1,39.8,1,26.3,1,101.8,2,115,200,735
1537,1,cipinang cempedak,0,0.0,0,2.0,0,2.0,0,75,90,330
1538,1,gedong,1,39.8,1,26.3,1,101.8,2,115,200,735
1539,1,jati,1,50.0,1,26.0,0,53.0,0,165,230,660
1540,1,kayu putih,1,66.0,1,74.0,0,85.0,3,170,300,580
1541,1,malaka sari,1,66.0,1,74.0,0,85.0,3,170,300,580
1542,1,balekambang,0,0.0,1,83.0,0,96.0,0,90,75,400
1543,1,kayu putih,1,41.0,1,87.0,0,154.0,2,160,175,620
1544,1,cipinang melayu,1,5.0,0,6.5,0,10.5,1,105,110,420
1545,1,pisangan baru,1,2.5,1,128.0,0,209.0,1,125,130,690
1546,1,pisangan baru,1,2.5,1,128.0,0,209.0,1,125,130,690
1547,1,duren sawit,1,66.0,1,74.0,0,85.0,3,170,300,580
1548,1,kayu putih,1,66.0,1,74.0,0,85.0,3,170,300,580
1549,1,kebon pala,1,66.0,1,74.0,0,85.0,3,170,300,580
1550,1,malaka sari,1,66.0,1,74.0,0,85.0,3,170,300,580
1551,1,pisangan timur,1,2.5,1,128.0,0,209.0,1,125,130,690
1552,1,cipinang cempedak,1,31.0,0,72.0,0,157.0,2,125,150,750
1553,1,malaka sari,1,2.5,1,128.0,0,209.0,1,125,130,690
1554,1,cawang,0,0.0,0,79.0,0,232.0,0,120,205,340
1555,1,gedong,1,50.0,1,26.0,0,53.0,0,165,230,660
1556,1,pekayon,0,0.0,0,0.0,0,83.0,0,90,140,330
1557,1,kayu putih,0,0.0,0,0.0,0,83.0,0,90,140,330
1558,1,kayu putih,1,49.9,1,126.0,0,126.0,3,135,190,331
1559,1,malaka sari,1,2.0,0,11.0,0,91.0,1,120,80,330
1560,1,malaka sari,1,2.0,0,11.0,0,91.0,1,120,80,330
1561,1,pisangan timur,1,49.9,1,126.0,0,126.0,3,135,190,331
1562,1,pondok kelapa,1,39.8,1,26.3,1,101.8,2,115,200,735
1563,1,cipinang cempedak,1,41.0,1,87.0,0,154.0,2,160,175,620
1564,1,pulo gadung,1,2.5,1,128.0,0,209.0,1,125,130,690
1565,1,cakung timur,1,9.5,1,24.5,1,93.5,1,105,90,330
1566,1,cipinang,0,0.0,1,83.0,0,96.0,0,90,75,400
1567,1,cipinang melayu,1,9.118011838762856,0,6.089397411195968,0,140.82018059578093,1,104,108,330
1568,1,kebon pala,1,2.5,1,128.0,0,209.0,1,125,130,690
1569,1,batu ampar,0,18.56817854076156,0,17.316020437369943,0,17.316020437369943,1,101,81,330
1570,1,kramatjati,1,66.0,1,74.0,0,85.0,3,170,300,580
1571,1,pekayon,1,31.0,0,72.0,0,157.0,2,125,150,750
1572,1,kayu putih,1,66.0,1,74.0,0,85.0,3,170,300,580
1573,1,cipinang,1,41.0,1,87.0,0,154.0,2,160,175,620
1574,1,utan kayu selatan,1,31.0,0,72.0,0,157.0,2,125,150,750
1575,1,gedong,1,39.8,1,26.3,1,101.8,2,115,200,735
1576,1,cakung timur,1,2.5,1,128.0,0,209.0,1,125,130,690
1577,1,ciracas,1,39.8,1,26.3,1,101.8,2,115,200,735
1578,1,dukuh,1,49.9,1,126.0,0,126.0,3,135,190,331
1579,1,jati,1,9.5,1,24.5,1,93.5,1,105,90,330
